pcd file name,bin file name
1567182666.900571000.pcd,00000.bin
1567182667.001395000.pcd,00001.bin
1567182667.102335000.pcd,00002.bin
1567182667.203060000.pcd,00003.bin
1567182667.303891000.pcd,00004.bin
1567182667.404725000.pcd,00005.bin
1567182667.505572000.pcd,00006.bin
1567182667.606410000.pcd,00007.bin
1567182667.707229000.pcd,00008.bin
1567182667.808076000.pcd,00009.bin
1567182667.908928000.pcd,00010.bin
1567182668.009742000.pcd,00011.bin
1567182668.110558000.pcd,00012.bin
1567182668.211391000.pcd,00013.bin
1567182668.312308000.pcd,00014.bin
1567182668.413050000.pcd,00015.bin
1567182668.513930000.pcd,00016.bin
1567182668.614715000.pcd,00017.bin
1567182668.715544000.pcd,00018.bin
1567182668.816390000.pcd,00019.bin
1567182668.917213000.pcd,00020.bin
1567182669.018043000.pcd,00021.bin
1567182669.118881000.pcd,00022.bin
1567182669.219762000.pcd,00023.bin
1567182669.320537000.pcd,00024.bin
1567182669.421376000.pcd,00025.bin
1567182669.522202000.pcd,00026.bin
1567182669.623116000.pcd,00027.bin
1567182669.723872000.pcd,00028.bin
1567182669.824751000.pcd,00029.bin
1567182669.925574000.pcd,00030.bin
1567182670.026365000.pcd,00031.bin
1567182670.127189000.pcd,00032.bin
1567182670.228114000.pcd,00033.bin
1567182670.328891000.pcd,00034.bin
1567182670.429686000.pcd,00035.bin
1567182670.530537000.pcd,00036.bin
1567182670.631353000.pcd,00037.bin
1567182670.732195000.pcd,00038.bin
1567182670.833031000.pcd,00039.bin
1567182670.933856000.pcd,00040.bin
1567182671.034755000.pcd,00041.bin
1567182671.135511000.pcd,00042.bin
1567182671.236405000.pcd,00043.bin
1567182671.337210000.pcd,00044.bin
1567182671.438008000.pcd,00045.bin
1567182671.538923000.pcd,00046.bin
1567182671.639820000.pcd,00047.bin
1567182671.740497000.pcd,00048.bin
1567182671.841344000.pcd,00049.bin
1567182671.942208000.pcd,00050.bin
1567182672.042999000.pcd,00051.bin
1567182672.143842000.pcd,00052.bin
1567182672.244667000.pcd,00053.bin
1567182672.345640000.pcd,00054.bin
1567182672.449509000.pcd,00055.bin
1567182672.547155000.pcd,00056.bin
1567182672.647993000.pcd,00057.bin
1567182672.748817000.pcd,00058.bin
1567182672.849884000.pcd,00059.bin
1567182672.950485000.pcd,00060.bin
1567182673.051334000.pcd,00061.bin
1567182673.152156000.pcd,00062.bin
1567182673.253035000.pcd,00063.bin
1567182673.353820000.pcd,00064.bin
1567182673.454652000.pcd,00065.bin
1567182673.555763000.pcd,00066.bin
1567182673.656401000.pcd,00067.bin
1567182673.757142000.pcd,00068.bin
1567182673.861427000.pcd,00069.bin
1567182673.958814000.pcd,00070.bin
1567182674.059733000.pcd,00071.bin
1567182674.160471000.pcd,00072.bin
1567182674.261307000.pcd,00073.bin
1567182674.362136000.pcd,00074.bin
1567182674.462960000.pcd,00075.bin
1567182674.564152000.pcd,00076.bin
1567182674.664624000.pcd,00077.bin
1567182674.765461000.pcd,00078.bin
1567182674.866303000.pcd,00079.bin
1567182674.967121000.pcd,00080.bin
1567182675.069462000.pcd,00081.bin
1567182675.168788000.pcd,00082.bin
1567182675.269629000.pcd,00083.bin
1567182675.370451000.pcd,00084.bin
1567182675.471288000.pcd,00085.bin
1567182675.572327000.pcd,00086.bin
1567182675.672961000.pcd,00087.bin
1567182675.773830000.pcd,00088.bin
1567182675.874609000.pcd,00089.bin
1567182675.975453000.pcd,00090.bin
1567182676.076312000.pcd,00091.bin
1567182676.177115000.pcd,00092.bin
1567182676.278083000.pcd,00093.bin
1567182676.378767000.pcd,00094.bin
1567182676.479615000.pcd,00095.bin
1567182676.580439000.pcd,00096.bin
1567182676.681273000.pcd,00097.bin
1567182676.782111000.pcd,00098.bin
1567182676.882928000.pcd,00099.bin
1567182676.983770000.pcd,00100.bin
1567182677.084654000.pcd,00101.bin
1567182677.185439000.pcd,00102.bin
1567182677.286251000.pcd,00103.bin
1567182677.387100000.pcd,00104.bin
1567182677.487957000.pcd,00105.bin
1567182677.588768000.pcd,00106.bin
1567182677.689729000.pcd,00107.bin
1567182677.790418000.pcd,00108.bin
1567182677.891269000.pcd,00109.bin
1567182677.992080000.pcd,00110.bin
1567182678.092963000.pcd,00111.bin
1567182678.193819000.pcd,00112.bin
1567182678.294577000.pcd,00113.bin
1567182678.395421000.pcd,00114.bin
1567182678.496241000.pcd,00115.bin
1567182678.597077000.pcd,00116.bin
1567182678.697905000.pcd,00117.bin
1567182678.798795000.pcd,00118.bin
1567182678.899564000.pcd,00119.bin
1567182679.000396000.pcd,00120.bin
1567182679.101239000.pcd,00121.bin
1567182679.202070000.pcd,00122.bin
1567182679.302889000.pcd,00123.bin
1567182679.403728000.pcd,00124.bin
1567182679.504600000.pcd,00125.bin
1567182679.605443000.pcd,00126.bin
1567182679.706244000.pcd,00127.bin
1567182679.807090000.pcd,00128.bin
1567182679.907890000.pcd,00129.bin
1567182680.008731000.pcd,00130.bin
1567182680.109549000.pcd,00131.bin
1567182680.210381000.pcd,00132.bin
1567182680.317378000.pcd,00133.bin
1567182680.412053000.pcd,00134.bin
1567182680.512883000.pcd,00135.bin
1567182680.613708000.pcd,00136.bin
1567182680.714538000.pcd,00137.bin
1567182680.815382000.pcd,00138.bin
1567182680.916206000.pcd,00139.bin
1567182681.017046000.pcd,00140.bin
1567182681.117871000.pcd,00141.bin
1567182681.218719000.pcd,00142.bin
1567182681.319552000.pcd,00143.bin
1567182681.420392000.pcd,00144.bin
1567182681.526363000.pcd,00145.bin
1567182681.622022000.pcd,00146.bin
1567182681.722878000.pcd,00147.bin
1567182681.823689000.pcd,00148.bin
1567182681.924523000.pcd,00149.bin
1567182682.025365000.pcd,00150.bin
1567182682.126204000.pcd,00151.bin
1567182682.227029000.pcd,00152.bin
1567182682.327850000.pcd,00153.bin
1567182682.428776000.pcd,00154.bin
1567182682.529527000.pcd,00155.bin
1567182682.630345000.pcd,00156.bin
1567182682.731192000.pcd,00157.bin
1567182682.832405000.pcd,00158.bin
1567182682.932850000.pcd,00159.bin
1567182683.033682000.pcd,00160.bin
1567182683.134509000.pcd,00161.bin
1567182683.235363000.pcd,00162.bin
1567182683.336180000.pcd,00163.bin
1567182683.437112000.pcd,00164.bin
1567182683.537837000.pcd,00165.bin
1567182683.638674000.pcd,00166.bin
1567182683.739505000.pcd,00167.bin
1567182683.840329000.pcd,00168.bin
1567182683.941163000.pcd,00169.bin
1567182684.042104000.pcd,00170.bin
1567182684.143835000.pcd,00171.bin
1567182684.243700000.pcd,00172.bin
1567182684.344498000.pcd,00173.bin
1567182684.445341000.pcd,00174.bin
1567182684.546219000.pcd,00175.bin
1567182684.647173000.pcd,00176.bin
1567182684.747831000.pcd,00177.bin
1567182684.848650000.pcd,00178.bin
1567182684.949537000.pcd,00179.bin
1567182685.050315000.pcd,00180.bin
1567182685.151146000.pcd,00181.bin
1567182685.251982000.pcd,00182.bin
1567182685.352835000.pcd,00183.bin
1567182685.453776000.pcd,00184.bin
1567182685.554512000.pcd,00185.bin
1567182685.655330000.pcd,00186.bin
1567182685.756184000.pcd,00187.bin
1567182685.857048000.pcd,00188.bin
1567182685.957808000.pcd,00189.bin
1567182686.058641000.pcd,00190.bin
1567182686.159478000.pcd,00191.bin
1567182686.260307000.pcd,00192.bin
1567182686.361128000.pcd,00193.bin
1567182686.461963000.pcd,00194.bin
1567182686.563060000.pcd,00195.bin
1567182686.663676000.pcd,00196.bin
1567182686.764455000.pcd,00197.bin
1567182686.865913000.pcd,00198.bin
1567182686.966122000.pcd,00199.bin
1567182687.066964000.pcd,00200.bin
1567182687.167799000.pcd,00201.bin
1567182687.268628000.pcd,00202.bin
1567182687.369458000.pcd,00203.bin
1567182687.470427000.pcd,00204.bin
1567182687.571244000.pcd,00205.bin
1567182687.671951000.pcd,00206.bin
1567182687.772789000.pcd,00207.bin
1567182687.873613000.pcd,00208.bin
1567182687.974461000.pcd,00209.bin
1567182688.075300000.pcd,00210.bin
1567182688.176114000.pcd,00211.bin
1567182688.276977000.pcd,00212.bin
1567182688.377772000.pcd,00213.bin
1567182688.478640000.pcd,00214.bin
1567182688.579442000.pcd,00215.bin
1567182688.680267000.pcd,00216.bin
1567182688.781098000.pcd,00217.bin
1567182688.881928000.pcd,00218.bin
1567182688.982756000.pcd,00219.bin
1567182689.083872000.pcd,00220.bin
1567182689.184431000.pcd,00221.bin
1567182689.285256000.pcd,00222.bin
1567182689.386118000.pcd,00223.bin
1567182689.486927000.pcd,00224.bin
1567182689.587759000.pcd,00225.bin
1567182689.688593000.pcd,00226.bin
1567182689.789421000.pcd,00227.bin
1567182689.890306000.pcd,00228.bin
1567182689.991174000.pcd,00229.bin
1567182690.091917000.pcd,00230.bin
1567182690.192826000.pcd,00231.bin
1567182690.293583000.pcd,00232.bin
1567182690.397460000.pcd,00233.bin
1567182690.495236000.pcd,00234.bin
1567182690.596214000.pcd,00235.bin
1567182690.696902000.pcd,00236.bin
1567182690.797737000.pcd,00237.bin
1567182690.898596000.pcd,00238.bin
1567182690.999494000.pcd,00239.bin
1567182691.100237000.pcd,00240.bin
1567182691.201075000.pcd,00241.bin
1567182691.301902000.pcd,00242.bin
1567182691.402820000.pcd,00243.bin
1567182691.503570000.pcd,00244.bin
1567182691.604392000.pcd,00245.bin
1567182691.705219000.pcd,00246.bin
1567182691.806065000.pcd,00247.bin
1567182691.907173000.pcd,00248.bin
1567182692.007730000.pcd,00249.bin
1567182692.108605000.pcd,00250.bin
1567182692.210316000.pcd,00251.bin
1567182692.310221000.pcd,00252.bin
1567182692.411076000.pcd,00253.bin
1567182692.511886000.pcd,00254.bin
1567182692.612716000.pcd,00255.bin
1567182692.713682000.pcd,00256.bin
1567182692.814378000.pcd,00257.bin
1567182692.915205000.pcd,00258.bin
1567182693.016054000.pcd,00259.bin
1567182693.116879000.pcd,00260.bin
1567182693.217720000.pcd,00261.bin
1567182693.318923000.pcd,00262.bin
1567182693.419722000.pcd,00263.bin
1567182693.520245000.pcd,00264.bin
1567182693.621116000.pcd,00265.bin
1567182693.721872000.pcd,00266.bin
1567182693.822689000.pcd,00267.bin
1567182693.923525000.pcd,00268.bin
1567182694.024389000.pcd,00269.bin
1567182694.125189000.pcd,00270.bin
1567182694.226032000.pcd,00271.bin
1567182694.326873000.pcd,00272.bin
1567182694.427793000.pcd,00273.bin
1567182694.528565000.pcd,00274.bin
1567182694.629348000.pcd,00275.bin
1567182694.730189000.pcd,00276.bin
1567182694.831037000.pcd,00277.bin
1567182694.932054000.pcd,00278.bin
1567182695.032684000.pcd,00279.bin
1567182695.134323000.pcd,00280.bin
1567182695.234342000.pcd,00281.bin
1567182695.335181000.pcd,00282.bin
1567182695.436077000.pcd,00283.bin
1567182695.536844000.pcd,00284.bin
1567182695.637740000.pcd,00285.bin
1567182695.741859000.pcd,00286.bin
1567182695.839367000.pcd,00287.bin
1567182695.940698000.pcd,00288.bin
1567182696.040997000.pcd,00289.bin
1567182696.141904000.pcd,00290.bin
1567182696.242684000.pcd,00291.bin
1567182696.343502000.pcd,00292.bin
1567182696.444318000.pcd,00293.bin
1567182696.545158000.pcd,00294.bin
1567182696.646022000.pcd,00295.bin
1567182696.746821000.pcd,00296.bin
1567182696.847655000.pcd,00297.bin
1567182696.948508000.pcd,00298.bin
1567182697.049322000.pcd,00299.bin
1567182697.150184000.pcd,00300.bin
1567182697.250993000.pcd,00301.bin
1567182697.351816000.pcd,00302.bin
1567182697.452676000.pcd,00303.bin
1567182697.553482000.pcd,00304.bin
1567182697.654363000.pcd,00305.bin
1567182697.755465000.pcd,00306.bin
1567182697.855970000.pcd,00307.bin
1567182697.956816000.pcd,00308.bin
1567182698.057639000.pcd,00309.bin
1567182698.158464000.pcd,00310.bin
1567182698.259526000.pcd,00311.bin
1567182698.360142000.pcd,00312.bin
1567182698.461443000.pcd,00313.bin
1567182698.561800000.pcd,00314.bin
1567182698.663733000.pcd,00315.bin
1567182698.764373000.pcd,00316.bin
1567182698.865488000.pcd,00317.bin
1567182698.965131000.pcd,00318.bin
1567182699.066095000.pcd,00319.bin
1567182699.166843000.pcd,00320.bin
1567182699.267632000.pcd,00321.bin
1567182699.368471000.pcd,00322.bin
1567182699.469402000.pcd,00323.bin
1567182699.570119000.pcd,00324.bin
1567182699.670968000.pcd,00325.bin
1567182699.771865000.pcd,00326.bin
1567182699.872606000.pcd,00327.bin
1567182699.973720000.pcd,00328.bin
1567182700.074278000.pcd,00329.bin
1567182700.175372000.pcd,00330.bin
1567182700.275939000.pcd,00331.bin
1567182700.377015000.pcd,00332.bin
1567182700.477650000.pcd,00333.bin
1567182700.578520000.pcd,00334.bin
1567182700.679397000.pcd,00335.bin
1567182700.780102000.pcd,00336.bin
1567182700.880934000.pcd,00337.bin
1567182700.981774000.pcd,00338.bin
1567182701.082606000.pcd,00339.bin
1567182701.183432000.pcd,00340.bin
1567182701.284884000.pcd,00341.bin
1567182701.386489000.pcd,00342.bin
1567182701.485922000.pcd,00343.bin
1567182701.586754000.pcd,00344.bin
1567182701.687908000.pcd,00345.bin
1567182701.788419000.pcd,00346.bin
1567182701.889263000.pcd,00347.bin
1567182701.990091000.pcd,00348.bin
1567182702.090917000.pcd,00349.bin
1567182702.193002000.pcd,00350.bin
1567182702.292619000.pcd,00351.bin
1567182702.393412000.pcd,00352.bin
1567182702.494244000.pcd,00353.bin
1567182702.595112000.pcd,00354.bin
1567182702.695909000.pcd,00355.bin
1567182702.797503000.pcd,00356.bin
1567182702.897569000.pcd,00357.bin
1567182702.998410000.pcd,00358.bin
1567182703.099236000.pcd,00359.bin
1567182703.200161000.pcd,00360.bin
1567182703.300968000.pcd,00361.bin
1567182703.401751000.pcd,00362.bin
1567182703.503152000.pcd,00363.bin
1567182703.603401000.pcd,00364.bin
1567182703.704302000.pcd,00365.bin
1567182703.805061000.pcd,00366.bin
1567182703.905896000.pcd,00367.bin
1567182704.006726000.pcd,00368.bin
1567182704.107553000.pcd,00369.bin
1567182704.208447000.pcd,00370.bin
1567182704.309218000.pcd,00371.bin
1567182704.410050000.pcd,00372.bin
1567182704.510907000.pcd,00373.bin
1567182704.611712000.pcd,00374.bin
1567182704.712544000.pcd,00375.bin
1567182704.814189000.pcd,00376.bin
1567182704.914210000.pcd,00377.bin
1567182705.015043000.pcd,00378.bin
1567182705.115872000.pcd,00379.bin
1567182705.217467000.pcd,00380.bin
1567182705.317527000.pcd,00381.bin
1567182705.418367000.pcd,00382.bin
1567182705.519206000.pcd,00383.bin
1567182705.620030000.pcd,00384.bin
1567182705.720878000.pcd,00385.bin
1567182705.821745000.pcd,00386.bin
1567182705.922544000.pcd,00387.bin
1567182706.023365000.pcd,00388.bin
1567182706.124189000.pcd,00389.bin
1567182706.225029000.pcd,00390.bin
1567182706.325850000.pcd,00391.bin
1567182706.426748000.pcd,00392.bin
1567182706.527521000.pcd,00393.bin
1567182706.633463000.pcd,00394.bin
1567182706.729444000.pcd,00395.bin
1567182706.830037000.pcd,00396.bin
1567182706.930851000.pcd,00397.bin
1567182707.031705000.pcd,00398.bin
1567182707.132706000.pcd,00399.bin
1567182707.233355000.pcd,00400.bin
1567182707.337213000.pcd,00401.bin
1567182707.435005000.pcd,00402.bin
1567182707.535843000.pcd,00403.bin
1567182707.636685000.pcd,00404.bin
1567182707.737499000.pcd,00405.bin
1567182707.838346000.pcd,00406.bin
1567182707.939294000.pcd,00407.bin
1567182708.040000000.pcd,00408.bin
1567182708.140979000.pcd,00409.bin
1567182708.241664000.pcd,00410.bin
1567182708.342511000.pcd,00411.bin
1567182708.443323000.pcd,00412.bin
1567182708.544161000.pcd,00413.bin
1567182708.644991000.pcd,00414.bin
1567182708.745844000.pcd,00415.bin
1567182708.846661000.pcd,00416.bin
1567182708.947475000.pcd,00417.bin
1567182709.048342000.pcd,00418.bin
1567182709.149158000.pcd,00419.bin
1567182709.250057000.pcd,00420.bin
1567182709.350817000.pcd,00421.bin
1567182709.451643000.pcd,00422.bin
1567182709.552480000.pcd,00423.bin
1567182709.653315000.pcd,00424.bin
1567182709.754144000.pcd,00425.bin
1567182709.854978000.pcd,00426.bin
1567182709.955799000.pcd,00427.bin
1567182710.056668000.pcd,00428.bin
1567182710.157480000.pcd,00429.bin
1567182710.258665000.pcd,00430.bin
1567182710.359128000.pcd,00431.bin
1567182710.459967000.pcd,00432.bin
1567182710.560799000.pcd,00433.bin
1567182710.661630000.pcd,00434.bin
1567182710.762459000.pcd,00435.bin
1567182710.863307000.pcd,00436.bin
1567182710.964128000.pcd,00437.bin
1567182711.065037000.pcd,00438.bin
1567182711.165954000.pcd,00439.bin
1567182711.266650000.pcd,00440.bin
1567182711.367502000.pcd,00441.bin
1567182711.468288000.pcd,00442.bin
1567182711.569116000.pcd,00443.bin
1567182711.669961000.pcd,00444.bin
1567182711.770802000.pcd,00445.bin
1567182711.871612000.pcd,00446.bin
1567182711.974916000.pcd,00447.bin
1567182712.073386000.pcd,00448.bin
1567182712.174117000.pcd,00449.bin
1567182712.274948000.pcd,00450.bin
1567182712.375765000.pcd,00451.bin
1567182712.476608000.pcd,00452.bin
1567182712.577840000.pcd,00453.bin
1567182712.678265000.pcd,00454.bin
1567182712.779096000.pcd,00455.bin
1567182712.879952000.pcd,00456.bin
1567182712.980807000.pcd,00457.bin
1567182713.081607000.pcd,00458.bin
1567182713.182429000.pcd,00459.bin
1567182713.286665000.pcd,00460.bin
1567182713.384090000.pcd,00461.bin
1567182713.484925000.pcd,00462.bin
1567182713.585758000.pcd,00463.bin
1567182713.686711000.pcd,00464.bin
1567182713.787425000.pcd,00465.bin
1567182713.888430000.pcd,00466.bin
1567182713.989085000.pcd,00467.bin
1567182714.089913000.pcd,00468.bin
1567182714.190803000.pcd,00469.bin
1567182714.291970000.pcd,00470.bin
1567182714.392894000.pcd,00471.bin
1567182714.493282000.pcd,00472.bin
1567182714.594079000.pcd,00473.bin
1567182714.694899000.pcd,00474.bin
1567182714.795853000.pcd,00475.bin
1567182714.896571000.pcd,00476.bin
1567182714.997601000.pcd,00477.bin
1567182715.098258000.pcd,00478.bin
1567182715.199061000.pcd,00479.bin
1567182715.301875000.pcd,00480.bin
1567182715.400762000.pcd,00481.bin
1567182715.501564000.pcd,00482.bin
1567182715.602391000.pcd,00483.bin
1567182715.703221000.pcd,00484.bin
1567182715.804062000.pcd,00485.bin
1567182715.904883000.pcd,00486.bin
1567182716.006320000.pcd,00487.bin
1567182716.106575000.pcd,00488.bin
1567182716.207390000.pcd,00489.bin
1567182716.308235000.pcd,00490.bin
1567182716.409060000.pcd,00491.bin
1567182716.510308000.pcd,00492.bin
1567182716.610713000.pcd,00493.bin
1567182716.711579000.pcd,00494.bin
1567182716.812372000.pcd,00495.bin
1567182716.913324000.pcd,00496.bin
1567182717.014038000.pcd,00497.bin
1567182717.114868000.pcd,00498.bin
1567182717.215704000.pcd,00499.bin
1567182717.316561000.pcd,00500.bin
1567182717.417372000.pcd,00501.bin
1567182717.518220000.pcd,00502.bin
1567182717.619043000.pcd,00503.bin
1567182717.719896000.pcd,00504.bin
1567182717.820775000.pcd,00505.bin
1567182717.921543000.pcd,00506.bin
1567182718.022379000.pcd,00507.bin
1567182718.123209000.pcd,00508.bin
1567182718.224116000.pcd,00509.bin
1567182718.324911000.pcd,00510.bin
1567182718.427917000.pcd,00511.bin
1567182718.526626000.pcd,00512.bin
1567182718.627703000.pcd,00513.bin
1567182718.728328000.pcd,00514.bin
1567182718.829024000.pcd,00515.bin
1567182718.929853000.pcd,00516.bin
1567182719.030681000.pcd,00517.bin
1567182719.131508000.pcd,00518.bin
1567182719.232343000.pcd,00519.bin
1567182719.333176000.pcd,00520.bin
1567182719.434023000.pcd,00521.bin
1567182719.534871000.pcd,00522.bin
1567182719.635673000.pcd,00523.bin
1567182719.736534000.pcd,00524.bin
1567182719.837761000.pcd,00525.bin
1567182719.938468000.pcd,00526.bin
1567182720.042903000.pcd,00527.bin
1567182720.139830000.pcd,00528.bin
1567182720.240658000.pcd,00529.bin
1567182720.341850000.pcd,00530.bin
1567182720.442328000.pcd,00531.bin
1567182720.543166000.pcd,00532.bin
1567182720.644017000.pcd,00533.bin
1567182720.744853000.pcd,00534.bin
1567182720.845675000.pcd,00535.bin
1567182720.946499000.pcd,00536.bin
1567182721.047317000.pcd,00537.bin
1567182721.148146000.pcd,00538.bin
1567182721.249112000.pcd,00539.bin
1567182721.349842000.pcd,00540.bin
1567182721.450651000.pcd,00541.bin
1567182721.551477000.pcd,00542.bin
1567182721.652309000.pcd,00543.bin
1567182721.753170000.pcd,00544.bin
1567182721.853975000.pcd,00545.bin
1567182721.954885000.pcd,00546.bin
1567182722.055636000.pcd,00547.bin
1567182722.156471000.pcd,00548.bin
1567182722.257435000.pcd,00549.bin
1567182722.358129000.pcd,00550.bin
1567182722.458997000.pcd,00551.bin
1567182722.559795000.pcd,00552.bin
1567182722.660652000.pcd,00553.bin
1567182722.762129000.pcd,00554.bin
1567182722.862330000.pcd,00555.bin
1567182722.963128000.pcd,00556.bin
1567182723.063956000.pcd,00557.bin
1567182723.164790000.pcd,00558.bin
1567182723.265700000.pcd,00559.bin
1567182723.366446000.pcd,00560.bin
1567182723.470409000.pcd,00561.bin
1567182723.568137000.pcd,00562.bin
1567182723.668954000.pcd,00563.bin
1567182723.769964000.pcd,00564.bin
1567182723.870621000.pcd,00565.bin
1567182723.971555000.pcd,00566.bin
1567182724.072273000.pcd,00567.bin
1567182724.173339000.pcd,00568.bin
1567182724.273937000.pcd,00569.bin
1567182724.374776000.pcd,00570.bin
1567182724.475594000.pcd,00571.bin
1567182724.576435000.pcd,00572.bin
1567182724.677325000.pcd,00573.bin
1567182724.778104000.pcd,00574.bin
1567182724.878933000.pcd,00575.bin
1567182724.979763000.pcd,00576.bin
1567182725.080596000.pcd,00577.bin
1567182725.181427000.pcd,00578.bin
1567182725.282261000.pcd,00579.bin
1567182725.383091000.pcd,00580.bin
1567182725.483912000.pcd,00581.bin
1567182725.585027000.pcd,00582.bin
1567182725.685585000.pcd,00583.bin
1567182725.786437000.pcd,00584.bin
1567182725.887252000.pcd,00585.bin
1567182725.988086000.pcd,00586.bin
1567182726.088915000.pcd,00587.bin
1567182726.189746000.pcd,00588.bin
1567182726.290580000.pcd,00589.bin
1567182726.391445000.pcd,00590.bin
1567182726.492572000.pcd,00591.bin
1567182726.593067000.pcd,00592.bin
1567182726.693946000.pcd,00593.bin
1567182726.794787000.pcd,00594.bin
1567182726.895568000.pcd,00595.bin
1567182726.996484000.pcd,00596.bin
1567182727.097231000.pcd,00597.bin
1567182727.198133000.pcd,00598.bin
1567182727.298905000.pcd,00599.bin
1567182727.399818000.pcd,00600.bin
1567182727.501445000.pcd,00601.bin
1567182727.601396000.pcd,00602.bin
1567182727.702256000.pcd,00603.bin
1567182727.803587000.pcd,00604.bin
1567182727.903907000.pcd,00605.bin
1567182728.004722000.pcd,00606.bin
1567182728.105558000.pcd,00607.bin
1567182728.208897000.pcd,00608.bin
1567182728.307231000.pcd,00609.bin
1567182728.408049000.pcd,00610.bin
1567182728.508885000.pcd,00611.bin
1567182728.609714000.pcd,00612.bin
1567182728.710540000.pcd,00613.bin
1567182728.811403000.pcd,00614.bin
1567182728.912225000.pcd,00615.bin
1567182729.013043000.pcd,00616.bin
1567182729.113871000.pcd,00617.bin
1567182729.214705000.pcd,00618.bin
1567182729.315559000.pcd,00619.bin
1567182729.416370000.pcd,00620.bin
1567182729.517204000.pcd,00621.bin
1567182729.621595000.pcd,00622.bin
1567182729.718905000.pcd,00623.bin
1567182729.819746000.pcd,00624.bin
1567182729.920526000.pcd,00625.bin
1567182730.021351000.pcd,00626.bin
1567182730.122234000.pcd,00627.bin
1567182730.223048000.pcd,00628.bin
1567182730.324194000.pcd,00629.bin
1567182730.424708000.pcd,00630.bin
1567182730.526255000.pcd,00631.bin
1567182730.626349000.pcd,00632.bin
1567182730.727183000.pcd,00633.bin
1567182730.828015000.pcd,00634.bin
1567182730.929093000.pcd,00635.bin
1567182731.029680000.pcd,00636.bin
1567182731.130510000.pcd,00637.bin
1567182731.231360000.pcd,00638.bin
1567182731.332169000.pcd,00639.bin
1567182731.433188000.pcd,00640.bin
1567182731.533885000.pcd,00641.bin
1567182731.634668000.pcd,00642.bin
1567182731.735544000.pcd,00643.bin
1567182731.836477000.pcd,00644.bin
1567182731.937187000.pcd,00645.bin
1567182732.038075000.pcd,00646.bin
1567182732.138950000.pcd,00647.bin
1567182732.239659000.pcd,00648.bin
1567182732.340591000.pcd,00649.bin
1567182732.441321000.pcd,00650.bin
1567182732.542630000.pcd,00651.bin
1567182732.642990000.pcd,00652.bin
1567182732.743819000.pcd,00653.bin
1567182732.844796000.pcd,00654.bin
1567182732.945484000.pcd,00655.bin
1567182733.046318000.pcd,00656.bin
1567182733.147150000.pcd,00657.bin
1567182733.247991000.pcd,00658.bin
1567182733.348967000.pcd,00659.bin
1567182733.449750000.pcd,00660.bin
1567182733.550486000.pcd,00661.bin
1567182733.651427000.pcd,00662.bin
1567182733.752161000.pcd,00663.bin
1567182733.853082000.pcd,00664.bin
1567182733.953802000.pcd,00665.bin
1567182734.054637000.pcd,00666.bin
1567182734.161619000.pcd,00667.bin
1567182734.256335000.pcd,00668.bin
1567182734.357131000.pcd,00669.bin
1567182734.457969000.pcd,00670.bin
1567182734.558808000.pcd,00671.bin
1567182734.659654000.pcd,00672.bin
1567182734.760459000.pcd,00673.bin
1567182734.861287000.pcd,00674.bin
1567182734.962459000.pcd,00675.bin
1567182735.062963000.pcd,00676.bin
1567182735.163791000.pcd,00677.bin
1567182735.264686000.pcd,00678.bin
1567182735.365443000.pcd,00679.bin
1567182735.466285000.pcd,00680.bin
1567182735.567169000.pcd,00681.bin
1567182735.667997000.pcd,00682.bin
1567182735.768788000.pcd,00683.bin
1567182735.869623000.pcd,00684.bin
1567182735.970472000.pcd,00685.bin
1567182736.071510000.pcd,00686.bin
1567182736.172122000.pcd,00687.bin
1567182736.273293000.pcd,00688.bin
1567182736.373782000.pcd,00689.bin
1567182736.474612000.pcd,00690.bin
1567182736.575449000.pcd,00691.bin
1567182736.676260000.pcd,00692.bin
1567182736.777105000.pcd,00693.bin
1567182736.877929000.pcd,00694.bin
1567182736.978868000.pcd,00695.bin
1567182737.079598000.pcd,00696.bin
1567182737.180456000.pcd,00697.bin
1567182737.281322000.pcd,00698.bin
1567182737.382118000.pcd,00699.bin
1567182737.482921000.pcd,00700.bin
1567182737.583871000.pcd,00701.bin
1567182737.684581000.pcd,00702.bin
1567182737.785413000.pcd,00703.bin
1567182737.886251000.pcd,00704.bin
1567182737.987068000.pcd,00705.bin
1567182738.087919000.pcd,00706.bin
1567182738.188781000.pcd,00707.bin
1567182738.289601000.pcd,00708.bin
1567182738.390541000.pcd,00709.bin
1567182738.491250000.pcd,00710.bin
1567182738.592106000.pcd,00711.bin
1567182738.692905000.pcd,00712.bin
1567182738.793737000.pcd,00713.bin
1567182738.894567000.pcd,00714.bin
1567182738.995402000.pcd,00715.bin
1567182739.096549000.pcd,00716.bin
1567182739.197059000.pcd,00717.bin
1567182739.297957000.pcd,00718.bin
1567182739.398736000.pcd,00719.bin
1567182739.499566000.pcd,00720.bin
1567182739.600409000.pcd,00721.bin
1567182739.701252000.pcd,00722.bin
1567182739.802055000.pcd,00723.bin
1567182739.902907000.pcd,00724.bin
1567182740.003733000.pcd,00725.bin
1567182740.104675000.pcd,00726.bin
1567182740.205923000.pcd,00727.bin
1567182740.306212000.pcd,00728.bin
1567182740.407069000.pcd,00729.bin
1567182740.507906000.pcd,00730.bin
1567182740.608710000.pcd,00731.bin
1567182740.709609000.pcd,00732.bin
1567182740.810401000.pcd,00733.bin
1567182740.911205000.pcd,00734.bin
1567182741.012044000.pcd,00735.bin
1567182741.112867000.pcd,00736.bin
1567182741.213710000.pcd,00737.bin
1567182741.314541000.pcd,00738.bin
1567182741.415397000.pcd,00739.bin
1567182741.516228000.pcd,00740.bin
1567182741.617021000.pcd,00741.bin
1567182741.717870000.pcd,00742.bin
1567182741.818689000.pcd,00743.bin
1567182741.921458000.pcd,00744.bin
1567182742.020496000.pcd,00745.bin
1567182742.121330000.pcd,00746.bin
1567182742.222018000.pcd,00747.bin
1567182742.322879000.pcd,00748.bin
1567182742.423966000.pcd,00749.bin
1567182742.526274000.pcd,00750.bin
1567182742.625416000.pcd,00751.bin
1567182742.726167000.pcd,00752.bin
1567182742.827006000.pcd,00753.bin
1567182742.927837000.pcd,00754.bin
1567182743.028699000.pcd,00755.bin
1567182743.129516000.pcd,00756.bin
1567182743.230367000.pcd,00757.bin
1567182743.331171000.pcd,00758.bin
1567182743.432007000.pcd,00759.bin
1567182743.532832000.pcd,00760.bin
1567182743.633672000.pcd,00761.bin
1567182743.734500000.pcd,00762.bin
1567182743.835518000.pcd,00763.bin
1567182743.936187000.pcd,00764.bin
1567182744.036995000.pcd,00765.bin
1567182744.137835000.pcd,00766.bin
1567182744.238668000.pcd,00767.bin
1567182744.339533000.pcd,00768.bin
1567182744.440354000.pcd,00769.bin
1567182744.541153000.pcd,00770.bin
1567182744.641998000.pcd,00771.bin
1567182744.742838000.pcd,00772.bin
1567182744.843643000.pcd,00773.bin
1567182744.944498000.pcd,00774.bin
1567182745.045308000.pcd,00775.bin
1567182745.146142000.pcd,00776.bin
1567182745.247575000.pcd,00777.bin
1567182745.347827000.pcd,00778.bin
1567182745.448634000.pcd,00779.bin
1567182745.549479000.pcd,00780.bin
1567182745.652548000.pcd,00781.bin
1567182745.751178000.pcd,00782.bin
1567182745.851975000.pcd,00783.bin
1567182745.952815000.pcd,00784.bin
1567182746.053638000.pcd,00785.bin
1567182746.154470000.pcd,00786.bin
1567182746.255292000.pcd,00787.bin
1567182746.356144000.pcd,00788.bin
1567182746.457045000.pcd,00789.bin
1567182746.557793000.pcd,00790.bin
1567182746.658782000.pcd,00791.bin
1567182746.759461000.pcd,00792.bin
1567182746.860277000.pcd,00793.bin
1567182746.961122000.pcd,00794.bin
1567182747.062491000.pcd,00795.bin
1567182747.163617000.pcd,00796.bin
1567182747.263650000.pcd,00797.bin
1567182747.364446000.pcd,00798.bin
1567182747.465316000.pcd,00799.bin
1567182747.566104000.pcd,00800.bin
1567182747.666983000.pcd,00801.bin
1567182747.767799000.pcd,00802.bin
1567182747.868633000.pcd,00803.bin
1567182747.969447000.pcd,00804.bin
1567182748.070274000.pcd,00805.bin
1567182748.171171000.pcd,00806.bin
1567182748.271928000.pcd,00807.bin
1567182748.372780000.pcd,00808.bin
1567182748.473599000.pcd,00809.bin
1567182748.574433000.pcd,00810.bin
1567182748.675265000.pcd,00811.bin
1567182748.776089000.pcd,00812.bin
1567182748.876996000.pcd,00813.bin
1567182748.977750000.pcd,00814.bin
1567182749.078587000.pcd,00815.bin
1567182749.180099000.pcd,00816.bin
1567182749.280241000.pcd,00817.bin
1567182749.381094000.pcd,00818.bin
1567182749.482021000.pcd,00819.bin
1567182749.585316000.pcd,00820.bin
1567182749.683604000.pcd,00821.bin
1567182749.784410000.pcd,00822.bin
1567182749.885251000.pcd,00823.bin
1567182749.986089000.pcd,00824.bin
1567182750.086909000.pcd,00825.bin
1567182750.187727000.pcd,00826.bin
1567182750.288588000.pcd,00827.bin
1567182750.389404000.pcd,00828.bin
1567182750.490276000.pcd,00829.bin
1567182750.591099000.pcd,00830.bin
1567182750.691899000.pcd,00831.bin
1567182750.793920000.pcd,00832.bin
1567182750.893581000.pcd,00833.bin
1567182750.994408000.pcd,00834.bin
1567182751.095227000.pcd,00835.bin
1567182751.196115000.pcd,00836.bin
1567182751.296915000.pcd,00837.bin
1567182751.398463000.pcd,00838.bin
1567182751.498549000.pcd,00839.bin
1567182751.599385000.pcd,00840.bin
1567182751.700215000.pcd,00841.bin
1567182751.801056000.pcd,00842.bin
1567182751.901884000.pcd,00843.bin
1567182752.002717000.pcd,00844.bin
1567182752.103576000.pcd,00845.bin
1567182752.205481000.pcd,00846.bin
1567182752.305222000.pcd,00847.bin
1567182752.406123000.pcd,00848.bin
1567182752.507010000.pcd,00849.bin
1567182752.607845000.pcd,00850.bin
1567182752.708565000.pcd,00851.bin
1567182752.809592000.pcd,00852.bin
1567182752.910226000.pcd,00853.bin
1567182753.011060000.pcd,00854.bin
1567182753.111875000.pcd,00855.bin
1567182753.212698000.pcd,00856.bin
1567182753.313589000.pcd,00857.bin
1567182753.414365000.pcd,00858.bin
1567182753.515191000.pcd,00859.bin
1567182753.616023000.pcd,00860.bin
1567182753.716884000.pcd,00861.bin
1567182753.817701000.pcd,00862.bin
1567182753.918537000.pcd,00863.bin
1567182754.019355000.pcd,00864.bin
1567182754.120178000.pcd,00865.bin
1567182754.221012000.pcd,00866.bin
1567182754.321864000.pcd,00867.bin
1567182754.422680000.pcd,00868.bin
1567182754.523504000.pcd,00869.bin
1567182754.624452000.pcd,00870.bin
1567182754.725177000.pcd,00871.bin
1567182754.826010000.pcd,00872.bin
1567182754.926867000.pcd,00873.bin
1567182755.027744000.pcd,00874.bin
1567182755.130072000.pcd,00875.bin
1567182755.229360000.pcd,00876.bin
1567182755.330173000.pcd,00877.bin
1567182755.431044000.pcd,00878.bin
1567182755.531826000.pcd,00879.bin
1567182755.632669000.pcd,00880.bin
1567182755.733917000.pcd,00881.bin
1567182755.834337000.pcd,00882.bin
1567182755.935176000.pcd,00883.bin
1567182756.035994000.pcd,00884.bin
1567182756.136824000.pcd,00885.bin
1567182756.237720000.pcd,00886.bin
1567182756.338535000.pcd,00887.bin
1567182756.440859000.pcd,00888.bin
1567182756.540146000.pcd,00889.bin
1567182756.642841000.pcd,00890.bin
1567182756.741836000.pcd,00891.bin
1567182756.842656000.pcd,00892.bin
1567182756.943510000.pcd,00893.bin
1567182757.044309000.pcd,00894.bin
1567182757.145153000.pcd,00895.bin
1567182757.246386000.pcd,00896.bin
1567182757.346808000.pcd,00897.bin
1567182757.447644000.pcd,00898.bin
1567182757.548483000.pcd,00899.bin
1567182757.649310000.pcd,00900.bin
1567182757.750136000.pcd,00901.bin
1567182757.850976000.pcd,00902.bin
1567182757.951811000.pcd,00903.bin
1567182758.052634000.pcd,00904.bin
1567182758.153460000.pcd,00905.bin
1567182758.254305000.pcd,00906.bin
1567182758.355174000.pcd,00907.bin
1567182758.456045000.pcd,00908.bin
1567182758.556849000.pcd,00909.bin
1567182758.657653000.pcd,00910.bin
1567182758.758459000.pcd,00911.bin
1567182758.859310000.pcd,00912.bin
1567182758.960116000.pcd,00913.bin
1567182759.060955000.pcd,00914.bin
1567182759.161784000.pcd,00915.bin
1567182759.262615000.pcd,00916.bin
1567182759.363514000.pcd,00917.bin
1567182759.464281000.pcd,00918.bin
1567182759.565112000.pcd,00919.bin
1567182759.665951000.pcd,00920.bin
1567182759.769445000.pcd,00921.bin
1567182759.867619000.pcd,00922.bin
1567182759.968822000.pcd,00923.bin
1567182760.069281000.pcd,00924.bin
1567182760.170104000.pcd,00925.bin
1567182760.270972000.pcd,00926.bin
1567182760.371814000.pcd,00927.bin
1567182760.472596000.pcd,00928.bin
1567182760.573428000.pcd,00929.bin
1567182760.674268000.pcd,00930.bin
1567182760.775085000.pcd,00931.bin
1567182760.877454000.pcd,00932.bin
1567182760.976766000.pcd,00933.bin
1567182761.077585000.pcd,00934.bin
1567182761.181561000.pcd,00935.bin
1567182761.279708000.pcd,00936.bin
1567182761.380126000.pcd,00937.bin
1567182761.481263000.pcd,00938.bin
1567182761.581747000.pcd,00939.bin
1567182761.683032000.pcd,00940.bin
1567182761.783423000.pcd,00941.bin
1567182761.885591000.pcd,00942.bin
1567182761.985087000.pcd,00943.bin
1567182762.085927000.pcd,00944.bin
1567182762.186736000.pcd,00945.bin
1567182762.290266000.pcd,00946.bin
1567182762.391329000.pcd,00947.bin
1567182762.489248000.pcd,00948.bin
1567182762.590202000.pcd,00949.bin
1567182762.690887000.pcd,00950.bin
1567182762.791724000.pcd,00951.bin
1567182762.892562000.pcd,00952.bin
1567182762.993391000.pcd,00953.bin
1567182763.094238000.pcd,00954.bin
1567182763.195050000.pcd,00955.bin
1567182763.295927000.pcd,00956.bin
1567182763.396775000.pcd,00957.bin
1567182763.497551000.pcd,00958.bin
1567182763.598376000.pcd,00959.bin
1567182763.701407000.pcd,00960.bin
1567182763.800565000.pcd,00961.bin
1567182763.900957000.pcd,00962.bin
1567182764.001720000.pcd,00963.bin
1567182764.103034000.pcd,00964.bin
1567182764.203409000.pcd,00965.bin
1567182764.304212000.pcd,00966.bin
1567182764.405037000.pcd,00967.bin
1567182764.505877000.pcd,00968.bin
1567182764.606721000.pcd,00969.bin
1567182764.707544000.pcd,00970.bin
1567182764.808532000.pcd,00971.bin
1567182764.909492000.pcd,00972.bin
1567182765.010234000.pcd,00973.bin
1567182765.110855000.pcd,00974.bin
1567182765.211702000.pcd,00975.bin
1567182765.312586000.pcd,00976.bin
1567182765.413454000.pcd,00977.bin
1567182765.514202000.pcd,00978.bin
1567182765.615047000.pcd,00979.bin
1567182765.715941000.pcd,00980.bin
1567182765.816692000.pcd,00981.bin
1567182765.917605000.pcd,00982.bin
1567182766.018356000.pcd,00983.bin
1567182766.119190000.pcd,00984.bin
1567182766.220020000.pcd,00985.bin
1567182766.320855000.pcd,00986.bin
1567182766.421687000.pcd,00987.bin
1567182766.522512000.pcd,00988.bin
1567182766.623341000.pcd,00989.bin
1567182766.724318000.pcd,00990.bin
1567182766.825010000.pcd,00991.bin
1567182766.925875000.pcd,00992.bin
1567182767.026805000.pcd,00993.bin
1567182767.127507000.pcd,00994.bin
1567182767.228348000.pcd,00995.bin
1567182767.340108000.pcd,00996.bin
1567182767.430000000.pcd,00997.bin
1567182767.530834000.pcd,00998.bin
1567182767.631671000.pcd,00999.bin
1567182767.732492000.pcd,01000.bin
1567182767.833327000.pcd,01001.bin
1567182767.934168000.pcd,01002.bin
1567182768.034991000.pcd,01003.bin
1567182768.135897000.pcd,01004.bin
1567182768.236793000.pcd,01005.bin
1567182768.337483000.pcd,01006.bin
1567182768.438343000.pcd,01007.bin
1567182768.539155000.pcd,01008.bin
1567182768.639979000.pcd,01009.bin
1567182768.740883000.pcd,01010.bin
1567182768.842900000.pcd,01011.bin
1567182768.942520000.pcd,01012.bin
1567182769.043318000.pcd,01013.bin
1567182769.144138000.pcd,01014.bin
1567182769.245005000.pcd,01015.bin
1567182769.345814000.pcd,01016.bin
1567182769.446643000.pcd,01017.bin
1567182769.549609000.pcd,01018.bin
1567182769.648327000.pcd,01019.bin
1567182769.749133000.pcd,01020.bin
1567182769.849961000.pcd,01021.bin
1567182769.950844000.pcd,01022.bin
1567182770.051628000.pcd,01023.bin
1567182770.152458000.pcd,01024.bin
1567182770.253393000.pcd,01025.bin
1567182770.354121000.pcd,01026.bin
1567182770.457476000.pcd,01027.bin
1567182770.555790000.pcd,01028.bin
1567182770.656675000.pcd,01029.bin
1567182770.757462000.pcd,01030.bin
1567182770.858279000.pcd,01031.bin
1567182770.959183000.pcd,01032.bin
1567182771.059943000.pcd,01033.bin
1567182771.160897000.pcd,01034.bin
1567182771.261610000.pcd,01035.bin
1567182771.362790000.pcd,01036.bin
1567182771.463270000.pcd,01037.bin
1567182771.564313000.pcd,01038.bin
1567182771.664947000.pcd,01039.bin
1567182771.765770000.pcd,01040.bin
1567182771.869453000.pcd,01041.bin
1567182771.967511000.pcd,01042.bin
1567182772.068277000.pcd,01043.bin
1567182772.169213000.pcd,01044.bin
1567182772.269933000.pcd,01045.bin
1567182772.370771000.pcd,01046.bin
1567182772.471592000.pcd,01047.bin
1567182772.572427000.pcd,01048.bin
1567182772.673270000.pcd,01049.bin
1567182772.774251000.pcd,01050.bin
1567182772.875024000.pcd,01051.bin
1567182772.975771000.pcd,01052.bin
1567182773.076632000.pcd,01053.bin
1567182773.177435000.pcd,01054.bin
1567182773.278253000.pcd,01055.bin
1567182773.379178000.pcd,01056.bin
1567182773.480343000.pcd,01057.bin
1567182773.580796000.pcd,01058.bin
1567182773.681587000.pcd,01059.bin
1567182773.782464000.pcd,01060.bin
1567182773.883407000.pcd,01061.bin
1567182773.984079000.pcd,01062.bin
1567182774.084940000.pcd,01063.bin
1567182774.185767000.pcd,01064.bin
1567182774.286609000.pcd,01065.bin
1567182774.387429000.pcd,01066.bin
1567182774.489752000.pcd,01067.bin
1567182774.589061000.pcd,01068.bin
1567182774.690053000.pcd,01069.bin
1567182774.790731000.pcd,01070.bin
1567182774.891643000.pcd,01071.bin
1567182774.992392000.pcd,01072.bin
1567182775.093252000.pcd,01073.bin
1567182775.194065000.pcd,01074.bin
1567182775.296019000.pcd,01075.bin
1567182775.395807000.pcd,01076.bin
1567182775.496561000.pcd,01077.bin
1567182775.597389000.pcd,01078.bin
1567182775.698226000.pcd,01079.bin
1567182775.799427000.pcd,01080.bin
1567182775.899896000.pcd,01081.bin
1567182776.000710000.pcd,01082.bin
1567182776.101912000.pcd,01083.bin
1567182776.202375000.pcd,01084.bin
1567182776.303213000.pcd,01085.bin
1567182776.404037000.pcd,01086.bin
1567182776.504875000.pcd,01087.bin
1567182776.605703000.pcd,01088.bin
1567182776.706538000.pcd,01089.bin
1567182776.808599000.pcd,01090.bin
1567182776.908201000.pcd,01091.bin
1567182777.009038000.pcd,01092.bin
1567182777.109946000.pcd,01093.bin
1567182777.211647000.pcd,01094.bin
1567182777.311534000.pcd,01095.bin
1567182777.412378000.pcd,01096.bin
1567182777.513647000.pcd,01097.bin
1567182777.614074000.pcd,01098.bin
1567182777.717890000.pcd,01099.bin
1567182777.815686000.pcd,01100.bin
1567182777.916537000.pcd,01101.bin
1567182778.017341000.pcd,01102.bin
1567182778.118370000.pcd,01103.bin
1567182778.219038000.pcd,01104.bin
1567182778.319843000.pcd,01105.bin
1567182778.420675000.pcd,01106.bin
1567182778.521512000.pcd,01107.bin
1567182778.622354000.pcd,01108.bin
1567182778.723174000.pcd,01109.bin
1567182778.824091000.pcd,01110.bin
1567182778.925872000.pcd,01111.bin
1567182779.025666000.pcd,01112.bin
1567182779.126504000.pcd,01113.bin
1567182779.227336000.pcd,01114.bin
1567182779.328164000.pcd,01115.bin
1567182779.428999000.pcd,01116.bin
1567182779.529833000.pcd,01117.bin
1567182779.630658000.pcd,01118.bin
1567182779.731506000.pcd,01119.bin
1567182779.832327000.pcd,01120.bin
1567182779.933198000.pcd,01121.bin
1567182780.033989000.pcd,01122.bin
1567182780.134818000.pcd,01123.bin
1567182780.235879000.pcd,01124.bin
1567182780.336478000.pcd,01125.bin
1567182780.437328000.pcd,01126.bin
1567182780.538775000.pcd,01127.bin
1567182780.638994000.pcd,01128.bin
1567182780.739883000.pcd,01129.bin
1567182780.841544000.pcd,01130.bin
1567182780.941472000.pcd,01131.bin
1567182781.042909000.pcd,01132.bin
1567182781.143134000.pcd,01133.bin
1567182781.243969000.pcd,01134.bin
1567182781.344800000.pcd,01135.bin
1567182781.445797000.pcd,01136.bin
1567182781.546500000.pcd,01137.bin
1567182781.647351000.pcd,01138.bin
1567182781.749456000.pcd,01139.bin
1567182781.848974000.pcd,01140.bin
1567182781.950039000.pcd,01141.bin
1567182782.050622000.pcd,01142.bin
1567182782.151462000.pcd,01143.bin
1567182782.252303000.pcd,01144.bin
1567182782.353109000.pcd,01145.bin
1567182782.453952000.pcd,01146.bin
1567182782.554788000.pcd,01147.bin
1567182782.655613000.pcd,01148.bin
1567182782.756444000.pcd,01149.bin
1567182782.857295000.pcd,01150.bin
1567182782.958128000.pcd,01151.bin
1567182783.058943000.pcd,01152.bin
1567182783.159777000.pcd,01153.bin
1567182783.260603000.pcd,01154.bin
1567182783.361442000.pcd,01155.bin
1567182783.462264000.pcd,01156.bin
1567182783.563106000.pcd,01157.bin
1567182783.663941000.pcd,01158.bin
1567182783.764767000.pcd,01159.bin
1567182783.865627000.pcd,01160.bin
1567182783.966505000.pcd,01161.bin
1567182784.067305000.pcd,01162.bin
1567182784.168134000.pcd,01163.bin
1567182784.268949000.pcd,01164.bin
1567182784.369843000.pcd,01165.bin
1567182784.470774000.pcd,01166.bin
1567182784.571449000.pcd,01167.bin
1567182784.672446000.pcd,01168.bin
1567182784.773088000.pcd,01169.bin
1567182784.873921000.pcd,01170.bin
1567182784.974750000.pcd,01171.bin
1567182785.075588000.pcd,01172.bin
1567182785.176437000.pcd,01173.bin
1567182785.277255000.pcd,01174.bin
1567182785.378090000.pcd,01175.bin
1567182785.478919000.pcd,01176.bin
1567182785.579744000.pcd,01177.bin
1567182785.680597000.pcd,01178.bin
1567182785.781407000.pcd,01179.bin
1567182785.882291000.pcd,01180.bin
1567182785.986188000.pcd,01181.bin
1567182786.083942000.pcd,01182.bin
1567182786.184732000.pcd,01183.bin
1567182786.285597000.pcd,01184.bin
1567182786.386404000.pcd,01185.bin
1567182786.487296000.pcd,01186.bin
1567182786.588094000.pcd,01187.bin
1567182786.689115000.pcd,01188.bin
1567182786.789736000.pcd,01189.bin
1567182786.890553000.pcd,01190.bin
1567182786.991395000.pcd,01191.bin
1567182787.092474000.pcd,01192.bin
1567182787.193084000.pcd,01193.bin
1567182787.293947000.pcd,01194.bin
1567182787.394734000.pcd,01195.bin
1567182787.495564000.pcd,01196.bin
1567182787.596403000.pcd,01197.bin
1567182787.698084000.pcd,01198.bin
1567182787.798042000.pcd,01199.bin
1567182787.899952000.pcd,01200.bin
1567182787.999713000.pcd,01201.bin
1567182788.100542000.pcd,01202.bin
1567182788.201408000.pcd,01203.bin
1567182788.302218000.pcd,01204.bin
1567182788.403038000.pcd,01205.bin
1567182788.503879000.pcd,01206.bin
1567182788.604699000.pcd,01207.bin
1567182788.705538000.pcd,01208.bin
1567182788.806360000.pcd,01209.bin
1567182788.907223000.pcd,01210.bin
1567182789.008036000.pcd,01211.bin
1567182789.108923000.pcd,01212.bin
1567182789.209907000.pcd,01213.bin
1567182789.310522000.pcd,01214.bin
1567182789.411354000.pcd,01215.bin
1567182789.512188000.pcd,01216.bin
1567182789.613030000.pcd,01217.bin
1567182789.713850000.pcd,01218.bin
1567182789.814684000.pcd,01219.bin
1567182789.915532000.pcd,01220.bin
1567182790.016343000.pcd,01221.bin
1567182790.117399000.pcd,01222.bin
1567182790.218019000.pcd,01223.bin
1567182790.318884000.pcd,01224.bin
1567182790.419711000.pcd,01225.bin
1567182790.520518000.pcd,01226.bin
1567182790.621340000.pcd,01227.bin
1567182790.722168000.pcd,01228.bin
1567182790.822997000.pcd,01229.bin
1567182790.923848000.pcd,01230.bin
1567182791.024803000.pcd,01231.bin
1567182791.125503000.pcd,01232.bin
1567182791.226331000.pcd,01233.bin
1567182791.327171000.pcd,01234.bin
1567182791.427986000.pcd,01235.bin
1567182791.530104000.pcd,01236.bin
1567182791.629660000.pcd,01237.bin
1567182791.730493000.pcd,01238.bin
1567182791.831331000.pcd,01239.bin
1567182791.932157000.pcd,01240.bin
1567182792.033007000.pcd,01241.bin
1567182792.133832000.pcd,01242.bin
1567182792.234692000.pcd,01243.bin
1567182792.335482000.pcd,01244.bin
1567182792.436321000.pcd,01245.bin
1567182792.537276000.pcd,01246.bin
1567182792.637970000.pcd,01247.bin
1567182792.738811000.pcd,01248.bin
1567182792.839654000.pcd,01249.bin
1567182792.940487000.pcd,01250.bin
1567182793.044681000.pcd,01251.bin
1567182793.142240000.pcd,01252.bin
1567182793.242990000.pcd,01253.bin
1567182793.343835000.pcd,01254.bin
1567182793.445116000.pcd,01255.bin
1567182793.545464000.pcd,01256.bin
1567182793.646312000.pcd,01257.bin
1567182793.747128000.pcd,01258.bin
1567182793.847979000.pcd,01259.bin
1567182793.948789000.pcd,01260.bin
1567182794.049627000.pcd,01261.bin
1567182794.150457000.pcd,01262.bin
1567182794.251486000.pcd,01263.bin
1567182794.352166000.pcd,01264.bin
1567182794.453048000.pcd,01265.bin
1567182794.553793000.pcd,01266.bin
1567182794.654619000.pcd,01267.bin
1567182794.755447000.pcd,01268.bin
1567182794.856300000.pcd,01269.bin
1567182794.957116000.pcd,01270.bin
1567182795.057948000.pcd,01271.bin
1567182795.158772000.pcd,01272.bin
1567182795.259608000.pcd,01273.bin
1567182795.360448000.pcd,01274.bin
1567182795.461293000.pcd,01275.bin
1567182795.562112000.pcd,01276.bin
1567182795.662940000.pcd,01277.bin
1567182795.763770000.pcd,01278.bin
1567182795.864603000.pcd,01279.bin
1567182795.965520000.pcd,01280.bin
1567182796.066266000.pcd,01281.bin
1567182796.167140000.pcd,01282.bin
1567182796.268002000.pcd,01283.bin
1567182796.368783000.pcd,01284.bin
1567182796.469594000.pcd,01285.bin
1567182796.573765000.pcd,01286.bin
1567182796.671370000.pcd,01287.bin
1567182796.772092000.pcd,01288.bin
1567182796.872920000.pcd,01289.bin
1567182796.973758000.pcd,01290.bin
1567182797.074596000.pcd,01291.bin
1567182797.175413000.pcd,01292.bin
1567182797.276243000.pcd,01293.bin
1567182797.377089000.pcd,01294.bin
1567182797.477914000.pcd,01295.bin
1567182797.578778000.pcd,01296.bin
1567182797.685475000.pcd,01297.bin
1567182797.780404000.pcd,01298.bin
1567182797.881308000.pcd,01299.bin
1567182797.982070000.pcd,01300.bin
1567182798.082947000.pcd,01301.bin
1567182798.184401000.pcd,01302.bin
1567182798.284709000.pcd,01303.bin
1567182798.385396000.pcd,01304.bin
1567182798.486226000.pcd,01305.bin
1567182798.587059000.pcd,01306.bin
1567182798.687894000.pcd,01307.bin
1567182798.788802000.pcd,01308.bin
1567182798.889559000.pcd,01309.bin
1567182798.990393000.pcd,01310.bin
1567182799.096795000.pcd,01311.bin
1567182799.192065000.pcd,01312.bin
1567182799.292888000.pcd,01313.bin
1567182799.393723000.pcd,01314.bin
1567182799.494617000.pcd,01315.bin
1567182799.595387000.pcd,01316.bin
1567182799.696213000.pcd,01317.bin
1567182799.797044000.pcd,01318.bin
1567182799.897880000.pcd,01319.bin
1567182799.998823000.pcd,01320.bin
1567182800.099576000.pcd,01321.bin
1567182800.200411000.pcd,01322.bin
1567182800.301359000.pcd,01323.bin
1567182800.402036000.pcd,01324.bin
1567182800.503114000.pcd,01325.bin
1567182800.603711000.pcd,01326.bin
1567182800.704571000.pcd,01327.bin
1567182800.805674000.pcd,01328.bin
1567182800.906223000.pcd,01329.bin
1567182801.007023000.pcd,01330.bin
1567182801.108227000.pcd,01331.bin
1567182801.208690000.pcd,01332.bin
1567182801.309525000.pcd,01333.bin
1567182801.410545000.pcd,01334.bin
1567182801.511188000.pcd,01335.bin
1567182801.612024000.pcd,01336.bin
1567182801.712961000.pcd,01337.bin
1567182801.813683000.pcd,01338.bin
1567182801.914511000.pcd,01339.bin
1567182802.015345000.pcd,01340.bin
1567182802.116177000.pcd,01341.bin
1567182802.217004000.pcd,01342.bin
1567182802.317838000.pcd,01343.bin
1567182802.418719000.pcd,01344.bin
1567182802.519501000.pcd,01345.bin
1567182802.620345000.pcd,01346.bin
1567182802.721190000.pcd,01347.bin
1567182802.821998000.pcd,01348.bin
1567182802.922833000.pcd,01349.bin
1567182803.023673000.pcd,01350.bin
1567182803.124497000.pcd,01351.bin
1567182803.225344000.pcd,01352.bin
1567182803.326162000.pcd,01353.bin
1567182803.427110000.pcd,01354.bin
1567182803.528573000.pcd,01355.bin
1567182803.628654000.pcd,01356.bin
1567182803.729560000.pcd,01357.bin
1567182803.830323000.pcd,01358.bin
1567182803.931198000.pcd,01359.bin
1567182804.031982000.pcd,01360.bin
1567182804.132883000.pcd,01361.bin
1567182804.233648000.pcd,01362.bin
1567182804.334494000.pcd,01363.bin
1567182804.435308000.pcd,01364.bin
1567182804.536150000.pcd,01365.bin
1567182804.636983000.pcd,01366.bin
1567182804.737931000.pcd,01367.bin
1567182804.838685000.pcd,01368.bin
1567182804.939485000.pcd,01369.bin
1567182805.046150000.pcd,01370.bin
1567182805.141133000.pcd,01371.bin
1567182805.241998000.pcd,01372.bin
1567182805.342802000.pcd,01373.bin
1567182805.443745000.pcd,01374.bin
1567182805.544477000.pcd,01375.bin
1567182805.645308000.pcd,01376.bin
1567182805.746169000.pcd,01377.bin
1567182805.847100000.pcd,01378.bin
1567182805.947787000.pcd,01379.bin
1567182806.048619000.pcd,01380.bin
1567182806.149560000.pcd,01381.bin
1567182806.250336000.pcd,01382.bin
1567182806.351138000.pcd,01383.bin
1567182806.451975000.pcd,01384.bin
1567182806.552792000.pcd,01385.bin
1567182806.653617000.pcd,01386.bin
1567182806.754550000.pcd,01387.bin
1567182806.855289000.pcd,01388.bin
1567182806.956114000.pcd,01389.bin
1567182807.056951000.pcd,01390.bin
1567182807.157778000.pcd,01391.bin
1567182807.268020000.pcd,01392.bin
1567182807.359442000.pcd,01393.bin
1567182807.460375000.pcd,01394.bin
1567182807.561105000.pcd,01395.bin
1567182807.661972000.pcd,01396.bin
1567182807.762756000.pcd,01397.bin
1567182807.863599000.pcd,01398.bin
1567182807.964428000.pcd,01399.bin
1567182808.065337000.pcd,01400.bin
1567182808.166113000.pcd,01401.bin
1567182808.266934000.pcd,01402.bin
1567182808.367768000.pcd,01403.bin
1567182808.468591000.pcd,01404.bin
1567182808.569485000.pcd,01405.bin
1567182808.677450000.pcd,01406.bin
1567182808.771945000.pcd,01407.bin
1567182808.871914000.pcd,01408.bin
1567182808.974080000.pcd,01409.bin
1567182809.073570000.pcd,01410.bin
1567182809.174407000.pcd,01411.bin
1567182809.275260000.pcd,01412.bin
1567182809.376072000.pcd,01413.bin
1567182809.476905000.pcd,01414.bin
1567182809.577735000.pcd,01415.bin
1567182809.678598000.pcd,01416.bin
1567182809.779405000.pcd,01417.bin
1567182809.880226000.pcd,01418.bin
1567182809.981064000.pcd,01419.bin
1567182810.081923000.pcd,01420.bin
1567182810.182720000.pcd,01421.bin
1567182810.283554000.pcd,01422.bin
1567182810.384395000.pcd,01423.bin
1567182810.485220000.pcd,01424.bin
1567182810.586051000.pcd,01425.bin
1567182810.686902000.pcd,01426.bin
1567182810.787721000.pcd,01427.bin
1567182810.888566000.pcd,01428.bin
1567182810.989710000.pcd,01429.bin
1567182811.090235000.pcd,01430.bin
1567182811.191065000.pcd,01431.bin
1567182811.291875000.pcd,01432.bin
1567182811.392740000.pcd,01433.bin
1567182811.493546000.pcd,01434.bin
1567182811.594368000.pcd,01435.bin
1567182811.695209000.pcd,01436.bin
1567182811.796055000.pcd,01437.bin
1567182811.896866000.pcd,01438.bin
1567182811.997701000.pcd,01439.bin
1567182812.098533000.pcd,01440.bin
1567182812.199368000.pcd,01441.bin
1567182812.300251000.pcd,01442.bin
1567182812.401032000.pcd,01443.bin
1567182812.501861000.pcd,01444.bin
1567182812.603981000.pcd,01445.bin
1567182812.703533000.pcd,01446.bin
1567182812.804364000.pcd,01447.bin
1567182812.905195000.pcd,01448.bin
1567182813.006028000.pcd,01449.bin
1567182813.106867000.pcd,01450.bin
1567182813.207687000.pcd,01451.bin
1567182813.308580000.pcd,01452.bin
1567182813.409364000.pcd,01453.bin
1567182813.510212000.pcd,01454.bin
1567182813.611023000.pcd,01455.bin
1567182813.711847000.pcd,01456.bin
1567182813.814608000.pcd,01457.bin
1567182813.915215000.pcd,01458.bin
1567182814.014347000.pcd,01459.bin
1567182814.115183000.pcd,01460.bin
1567182814.216215000.pcd,01461.bin
1567182814.316842000.pcd,01462.bin
1567182814.417688000.pcd,01463.bin
1567182814.518534000.pcd,01464.bin
1567182814.619339000.pcd,01465.bin
1567182814.720169000.pcd,01466.bin
1567182814.820996000.pcd,01467.bin
1567182814.921871000.pcd,01468.bin
1567182815.022700000.pcd,01469.bin
1567182815.123500000.pcd,01470.bin
1567182815.224363000.pcd,01471.bin
1567182815.325159000.pcd,01472.bin
1567182815.426012000.pcd,01473.bin
1567182815.526820000.pcd,01474.bin
1567182815.627663000.pcd,01475.bin
1567182815.728492000.pcd,01476.bin
1567182815.829366000.pcd,01477.bin
1567182815.930171000.pcd,01478.bin
1567182816.031010000.pcd,01479.bin
1567182816.131812000.pcd,01480.bin
1567182816.232652000.pcd,01481.bin
1567182816.333476000.pcd,01482.bin
1567182816.434316000.pcd,01483.bin
1567182816.535141000.pcd,01484.bin
1567182816.636124000.pcd,01485.bin
1567182816.736814000.pcd,01486.bin
1567182816.837630000.pcd,01487.bin
1567182816.938487000.pcd,01488.bin
1567182817.042110000.pcd,01489.bin
1567182817.140391000.pcd,01490.bin
1567182817.240963000.pcd,01491.bin
1567182817.341840000.pcd,01492.bin
1567182817.442630000.pcd,01493.bin
1567182817.545638000.pcd,01494.bin
1567182817.644303000.pcd,01495.bin
1567182817.745120000.pcd,01496.bin
1567182817.845949000.pcd,01497.bin
1567182817.946790000.pcd,01498.bin
1567182818.047635000.pcd,01499.bin
1567182818.148454000.pcd,01500.bin
1567182818.249274000.pcd,01501.bin
1567182818.350121000.pcd,01502.bin
1567182818.450946000.pcd,01503.bin
1567182818.551777000.pcd,01504.bin
1567182818.652623000.pcd,01505.bin
1567182818.753442000.pcd,01506.bin
1567182818.854285000.pcd,01507.bin
1567182818.955221000.pcd,01508.bin
1567182819.055956000.pcd,01509.bin
1567182819.156775000.pcd,01510.bin
1567182819.257599000.pcd,01511.bin
1567182819.358443000.pcd,01512.bin
1567182819.459261000.pcd,01513.bin
1567182819.560108000.pcd,01514.bin
1567182819.660926000.pcd,01515.bin
1567182819.761752000.pcd,01516.bin
1567182819.862704000.pcd,01517.bin
1567182819.963422000.pcd,01518.bin
1567182820.064257000.pcd,01519.bin
1567182820.165084000.pcd,01520.bin
1567182820.265922000.pcd,01521.bin
1567182820.366755000.pcd,01522.bin
1567182820.467670000.pcd,01523.bin
1567182820.568435000.pcd,01524.bin
1567182820.669246000.pcd,01525.bin
1567182820.770216000.pcd,01526.bin
1567182820.870914000.pcd,01527.bin
1567182820.971755000.pcd,01528.bin
1567182821.072573000.pcd,01529.bin
1567182821.173414000.pcd,01530.bin
1567182821.274255000.pcd,01531.bin
1567182821.375072000.pcd,01532.bin
1567182821.475963000.pcd,01533.bin
1567182821.576737000.pcd,01534.bin
1567182821.677569000.pcd,01535.bin
1567182821.778413000.pcd,01536.bin
1567182821.879231000.pcd,01537.bin
1567182821.980073000.pcd,01538.bin
1567182822.080897000.pcd,01539.bin
1567182822.181774000.pcd,01540.bin
1567182822.282551000.pcd,01541.bin
1567182822.383469000.pcd,01542.bin
1567182822.484229000.pcd,01543.bin
1567182822.585060000.pcd,01544.bin
1567182822.685896000.pcd,01545.bin
1567182822.786800000.pcd,01546.bin
1567182822.887561000.pcd,01547.bin
1567182822.988563000.pcd,01548.bin
1567182823.089233000.pcd,01549.bin
1567182823.190068000.pcd,01550.bin
1567182823.290878000.pcd,01551.bin
1567182823.391796000.pcd,01552.bin
1567182823.492542000.pcd,01553.bin
1567182823.593386000.pcd,01554.bin
1567182823.694214000.pcd,01555.bin
1567182823.795156000.pcd,01556.bin
1567182823.895941000.pcd,01557.bin
1567182823.996701000.pcd,01558.bin
1567182824.102458000.pcd,01559.bin
1567182824.198536000.pcd,01560.bin
1567182824.299234000.pcd,01561.bin
1567182824.400037000.pcd,01562.bin
1567182824.500897000.pcd,01563.bin
1567182824.601946000.pcd,01564.bin
1567182824.702650000.pcd,01565.bin
1567182824.803766000.pcd,01566.bin
1567182824.904277000.pcd,01567.bin
1567182825.005058000.pcd,01568.bin
1567182825.105852000.pcd,01569.bin
1567182825.206683000.pcd,01570.bin
1567182825.309063000.pcd,01571.bin
1567182825.410193000.pcd,01572.bin
1567182825.509339000.pcd,01573.bin
1567182825.610040000.pcd,01574.bin
1567182825.710849000.pcd,01575.bin
1567182825.811676000.pcd,01576.bin
1567182825.912782000.pcd,01577.bin
1567182826.013347000.pcd,01578.bin
1567182826.114193000.pcd,01579.bin
1567182826.215010000.pcd,01580.bin
1567182826.315832000.pcd,01581.bin
1567182826.416670000.pcd,01582.bin
1567182826.517515000.pcd,01583.bin
1567182826.618345000.pcd,01584.bin
1567182826.719241000.pcd,01585.bin
1567182826.820034000.pcd,01586.bin
1567182826.920822000.pcd,01587.bin
1567182827.021672000.pcd,01588.bin
1567182827.122488000.pcd,01589.bin
1567182827.223407000.pcd,01590.bin
1567182827.324160000.pcd,01591.bin
1567182827.424978000.pcd,01592.bin
1567182827.525823000.pcd,01593.bin
1567182827.626737000.pcd,01594.bin
1567182827.728106000.pcd,01595.bin
1567182827.828315000.pcd,01596.bin
1567182827.929141000.pcd,01597.bin
1567182828.029988000.pcd,01598.bin
1567182828.131803000.pcd,01599.bin
1567182828.231659000.pcd,01600.bin
1567182828.332479000.pcd,01601.bin
1567182828.433929000.pcd,01602.bin
1567182828.534143000.pcd,01603.bin
1567182828.637149000.pcd,01604.bin
1567182828.735815000.pcd,01605.bin
1567182828.836663000.pcd,01606.bin
1567182828.937465000.pcd,01607.bin
1567182829.038300000.pcd,01608.bin
1567182829.139140000.pcd,01609.bin
1567182829.239955000.pcd,01610.bin
1567182829.340785000.pcd,01611.bin
1567182829.441627000.pcd,01612.bin
1567182829.542456000.pcd,01613.bin
1567182829.643290000.pcd,01614.bin
1567182829.744152000.pcd,01615.bin
1567182829.844950000.pcd,01616.bin
1567182829.945785000.pcd,01617.bin
1567182830.046624000.pcd,01618.bin
1567182830.147494000.pcd,01619.bin
1567182830.248271000.pcd,01620.bin
1567182830.349122000.pcd,01621.bin
1567182830.449983000.pcd,01622.bin
1567182830.550803000.pcd,01623.bin
1567182830.651686000.pcd,01624.bin
1567182830.752431000.pcd,01625.bin
1567182830.853274000.pcd,01626.bin
1567182830.954104000.pcd,01627.bin
1567182831.054936000.pcd,01628.bin
1567182831.155760000.pcd,01629.bin
1567182831.256595000.pcd,01630.bin
1567182831.358046000.pcd,01631.bin
1567182831.458253000.pcd,01632.bin
1567182831.559092000.pcd,01633.bin
1567182831.659927000.pcd,01634.bin
1567182831.760810000.pcd,01635.bin
1567182831.861599000.pcd,01636.bin
1567182831.962457000.pcd,01637.bin
1567182832.063254000.pcd,01638.bin
1567182832.164085000.pcd,01639.bin
1567182832.264924000.pcd,01640.bin
1567182832.366155000.pcd,01641.bin
1567182832.466583000.pcd,01642.bin
1567182832.567413000.pcd,01643.bin
1567182832.668385000.pcd,01644.bin
1567182832.769196000.pcd,01645.bin
1567182832.869919000.pcd,01646.bin
1567182832.970760000.pcd,01647.bin
1567182833.071578000.pcd,01648.bin
1567182833.172465000.pcd,01649.bin
1567182833.273410000.pcd,01650.bin
1567182833.374087000.pcd,01651.bin
1567182833.474936000.pcd,01652.bin
1567182833.575733000.pcd,01653.bin
1567182833.676563000.pcd,01654.bin
1567182833.777447000.pcd,01655.bin
1567182833.878225000.pcd,01656.bin
1567182833.979058000.pcd,01657.bin
1567182834.080385000.pcd,01658.bin
1567182834.180732000.pcd,01659.bin
1567182834.281559000.pcd,01660.bin
1567182834.382383000.pcd,01661.bin
1567182834.483432000.pcd,01662.bin
1567182834.584418000.pcd,01663.bin
1567182834.684884000.pcd,01664.bin
1567182834.785804000.pcd,01665.bin
1567182834.886560000.pcd,01666.bin
1567182834.987420000.pcd,01667.bin
1567182835.088980000.pcd,01668.bin
1567182835.189067000.pcd,01669.bin
1567182835.289896000.pcd,01670.bin
1567182835.390709000.pcd,01671.bin
1567182835.491582000.pcd,01672.bin
1567182835.592372000.pcd,01673.bin
1567182835.693414000.pcd,01674.bin
1567182835.794119000.pcd,01675.bin
1567182835.897797000.pcd,01676.bin
1567182835.995695000.pcd,01677.bin
1567182836.097147000.pcd,01678.bin
1567182836.197575000.pcd,01679.bin
1567182836.298213000.pcd,01680.bin
1567182836.399042000.pcd,01681.bin
1567182836.499869000.pcd,01682.bin
1567182836.600694000.pcd,01683.bin
1567182836.702568000.pcd,01684.bin
1567182836.802358000.pcd,01685.bin
1567182836.903191000.pcd,01686.bin
1567182837.005446000.pcd,01687.bin
1567182837.104856000.pcd,01688.bin
1567182837.205741000.pcd,01689.bin
1567182837.306516000.pcd,01690.bin
1567182837.407339000.pcd,01691.bin
1567182837.508283000.pcd,01692.bin
1567182837.609014000.pcd,01693.bin
1567182837.712020000.pcd,01694.bin
1567182837.810676000.pcd,01695.bin
1567182837.911621000.pcd,01696.bin
1567182838.012653000.pcd,01697.bin
1567182838.113204000.pcd,01698.bin
1567182838.214002000.pcd,01699.bin
1567182838.314846000.pcd,01700.bin
1567182838.415667000.pcd,01701.bin
1567182838.516503000.pcd,01702.bin
1567182838.617327000.pcd,01703.bin
1567182838.718164000.pcd,01704.bin
1567182838.818988000.pcd,01705.bin
1567182838.919819000.pcd,01706.bin
1567182839.020656000.pcd,01707.bin
1567182839.121482000.pcd,01708.bin
1567182839.222381000.pcd,01709.bin
1567182839.323195000.pcd,01710.bin
1567182839.424052000.pcd,01711.bin
1567182839.524816000.pcd,01712.bin
1567182839.625677000.pcd,01713.bin
1567182839.726486000.pcd,01714.bin
1567182839.827310000.pcd,01715.bin
1567182839.928147000.pcd,01716.bin
1567182840.029223000.pcd,01717.bin
1567182840.129810000.pcd,01718.bin
1567182840.230641000.pcd,01719.bin
1567182840.331477000.pcd,01720.bin
1567182840.432301000.pcd,01721.bin
1567182840.533125000.pcd,01722.bin
1567182840.634542000.pcd,01723.bin
1567182840.734807000.pcd,01724.bin
1567182840.835668000.pcd,01725.bin
1567182840.936573000.pcd,01726.bin
1567182841.038121000.pcd,01727.bin
1567182841.138389000.pcd,01728.bin
1567182841.238963000.pcd,01729.bin
1567182841.339806000.pcd,01730.bin
1567182841.440635000.pcd,01731.bin
1567182841.541455000.pcd,01732.bin
1567182841.642283000.pcd,01733.bin
1567182841.743118000.pcd,01734.bin
1567182841.844072000.pcd,01735.bin
1567182841.944808000.pcd,01736.bin
1567182842.045854000.pcd,01737.bin
1567182842.146454000.pcd,01738.bin
1567182842.247287000.pcd,01739.bin
1567182842.348109000.pcd,01740.bin
1567182842.448938000.pcd,01741.bin
1567182842.549774000.pcd,01742.bin
1567182842.650631000.pcd,01743.bin
1567182842.751439000.pcd,01744.bin
1567182842.852284000.pcd,01745.bin
1567182842.953097000.pcd,01746.bin
1567182843.053986000.pcd,01747.bin
1567182843.154785000.pcd,01748.bin
1567182843.255590000.pcd,01749.bin
1567182843.356428000.pcd,01750.bin
1567182843.457307000.pcd,01751.bin
1567182843.558103000.pcd,01752.bin
1567182843.658921000.pcd,01753.bin
1567182843.759766000.pcd,01754.bin
1567182843.860586000.pcd,01755.bin
1567182843.961458000.pcd,01756.bin
1567182844.062254000.pcd,01757.bin
1567182844.163127000.pcd,01758.bin
1567182844.263924000.pcd,01759.bin
1567182844.364871000.pcd,01760.bin
1567182844.466431000.pcd,01761.bin
1567182844.566411000.pcd,01762.bin
1567182844.667232000.pcd,01763.bin
1567182844.768075000.pcd,01764.bin
1567182844.868911000.pcd,01765.bin
1567182844.969809000.pcd,01766.bin
1567182845.070598000.pcd,01767.bin
1567182845.171400000.pcd,01768.bin
1567182845.272333000.pcd,01769.bin
1567182845.373059000.pcd,01770.bin
1567182845.473912000.pcd,01771.bin
1567182845.574761000.pcd,01772.bin
1567182845.675638000.pcd,01773.bin
1567182845.776395000.pcd,01774.bin
1567182845.877227000.pcd,01775.bin
1567182845.978065000.pcd,01776.bin
1567182846.078912000.pcd,01777.bin
1567182846.179728000.pcd,01778.bin
1567182846.280581000.pcd,01779.bin
1567182846.381412000.pcd,01780.bin
1567182846.482231000.pcd,01781.bin
1567182846.583048000.pcd,01782.bin
1567182846.683928000.pcd,01783.bin
1567182846.784733000.pcd,01784.bin
1567182846.885546000.pcd,01785.bin
1567182846.986374000.pcd,01786.bin
1567182847.087204000.pcd,01787.bin
1567182847.188305000.pcd,01788.bin
1567182847.288884000.pcd,01789.bin
1567182847.389715000.pcd,01790.bin
1567182847.490554000.pcd,01791.bin
1567182847.591905000.pcd,01792.bin
1567182847.693446000.pcd,01793.bin
1567182847.793120000.pcd,01794.bin
1567182847.893888000.pcd,01795.bin
1567182847.994688000.pcd,01796.bin
1567182848.095557000.pcd,01797.bin
1567182848.196365000.pcd,01798.bin
1567182848.297188000.pcd,01799.bin
1567182848.398030000.pcd,01800.bin
1567182848.498885000.pcd,01801.bin
1567182848.599697000.pcd,01802.bin
1567182848.700523000.pcd,01803.bin
1567182848.801352000.pcd,01804.bin
1567182848.902225000.pcd,01805.bin
1567182849.003073000.pcd,01806.bin
1567182849.104382000.pcd,01807.bin
1567182849.204849000.pcd,01808.bin
1567182849.305825000.pcd,01809.bin
1567182849.406692000.pcd,01810.bin
1567182849.507177000.pcd,01811.bin
1567182849.608026000.pcd,01812.bin
1567182849.708839000.pcd,01813.bin
1567182849.809665000.pcd,01814.bin
1567182849.910501000.pcd,01815.bin
1567182850.012629000.pcd,01816.bin
1567182850.112179000.pcd,01817.bin
1567182850.213003000.pcd,01818.bin
1567182850.313827000.pcd,01819.bin
1567182850.414659000.pcd,01820.bin
1567182850.516246000.pcd,01821.bin
1567182850.616322000.pcd,01822.bin
1567182850.717218000.pcd,01823.bin
1567182850.817993000.pcd,01824.bin
1567182850.918820000.pcd,01825.bin
1567182851.019660000.pcd,01826.bin
1567182851.120492000.pcd,01827.bin
1567182851.221321000.pcd,01828.bin
1567182851.322141000.pcd,01829.bin
1567182851.422987000.pcd,01830.bin
1567182851.523822000.pcd,01831.bin
1567182851.624675000.pcd,01832.bin
1567182851.725471000.pcd,01833.bin
1567182851.826304000.pcd,01834.bin
1567182851.927184000.pcd,01835.bin
1567182852.028787000.pcd,01836.bin
1567182852.128804000.pcd,01837.bin
1567182852.229639000.pcd,01838.bin
1567182852.330477000.pcd,01839.bin
1567182852.431302000.pcd,01840.bin
1567182852.532132000.pcd,01841.bin
1567182852.633065000.pcd,01842.bin
1567182852.733806000.pcd,01843.bin
1567182852.834629000.pcd,01844.bin
1567182852.935493000.pcd,01845.bin
1567182853.036286000.pcd,01846.bin
1567182853.137177000.pcd,01847.bin
1567182853.237947000.pcd,01848.bin
1567182853.338788000.pcd,01849.bin
1567182853.439625000.pcd,01850.bin
1567182853.540461000.pcd,01851.bin
1567182853.641322000.pcd,01852.bin
1567182853.742116000.pcd,01853.bin
1567182853.842966000.pcd,01854.bin
1567182853.943777000.pcd,01855.bin
1567182854.044610000.pcd,01856.bin
1567182854.145520000.pcd,01857.bin
1567182854.246273000.pcd,01858.bin
1567182854.348612000.pcd,01859.bin
1567182854.447957000.pcd,01860.bin
1567182854.548784000.pcd,01861.bin
1567182854.649601000.pcd,01862.bin
1567182854.750699000.pcd,01863.bin
1567182854.852334000.pcd,01864.bin
1567182854.952108000.pcd,01865.bin
1567182855.052933000.pcd,01866.bin
1567182855.153762000.pcd,01867.bin
1567182855.254594000.pcd,01868.bin
1567182855.355430000.pcd,01869.bin
1567182855.456267000.pcd,01870.bin
1567182855.557092000.pcd,01871.bin
1567182855.657933000.pcd,01872.bin
1567182855.758756000.pcd,01873.bin
1567182855.859596000.pcd,01874.bin
1567182855.960420000.pcd,01875.bin
1567182856.061251000.pcd,01876.bin
1567182856.162089000.pcd,01877.bin
1567182856.262914000.pcd,01878.bin
1567182856.363915000.pcd,01879.bin
1567182856.464580000.pcd,01880.bin
1567182856.565456000.pcd,01881.bin
1567182856.666241000.pcd,01882.bin
1567182856.767074000.pcd,01883.bin
1567182856.867903000.pcd,01884.bin
1567182856.968737000.pcd,01885.bin
1567182857.069571000.pcd,01886.bin
1567182857.170400000.pcd,01887.bin
1567182857.271236000.pcd,01888.bin
1567182857.372073000.pcd,01889.bin
1567182857.472944000.pcd,01890.bin
1567182857.573724000.pcd,01891.bin
1567182857.674572000.pcd,01892.bin
1567182857.775395000.pcd,01893.bin
1567182857.876224000.pcd,01894.bin
1567182857.977060000.pcd,01895.bin
1567182858.078432000.pcd,01896.bin
1567182858.178726000.pcd,01897.bin
1567182858.279654000.pcd,01898.bin
1567182858.383358000.pcd,01899.bin
1567182858.481226000.pcd,01900.bin
1567182858.582042000.pcd,01901.bin
1567182858.682886000.pcd,01902.bin
1567182858.783705000.pcd,01903.bin
1567182858.884547000.pcd,01904.bin
1567182858.985371000.pcd,01905.bin
1567182859.086246000.pcd,01906.bin
1567182859.187047000.pcd,01907.bin
1567182859.287869000.pcd,01908.bin
1567182859.389442000.pcd,01909.bin
1567182859.489553000.pcd,01910.bin
1567182859.590497000.pcd,01911.bin
1567182859.691195000.pcd,01912.bin
1567182859.792113000.pcd,01913.bin
1567182859.892862000.pcd,01914.bin
1567182859.993695000.pcd,01915.bin
1567182860.095630000.pcd,01916.bin
1567182860.195407000.pcd,01917.bin
1567182860.296188000.pcd,01918.bin
1567182860.397039000.pcd,01919.bin
1567182860.497847000.pcd,01920.bin
1567182860.598684000.pcd,01921.bin
1567182860.699536000.pcd,01922.bin
1567182860.800349000.pcd,01923.bin
1567182860.901591000.pcd,01924.bin
1567182861.003524000.pcd,01925.bin
1567182861.103982000.pcd,01926.bin
1567182861.209557000.pcd,01927.bin
1567182861.304573000.pcd,01928.bin
1567182861.405404000.pcd,01929.bin
1567182861.506633000.pcd,01930.bin
1567182861.607005000.pcd,01931.bin
1567182861.707836000.pcd,01932.bin
1567182861.808670000.pcd,01933.bin
1567182861.909518000.pcd,01934.bin
1567182862.010334000.pcd,01935.bin
1567182862.111170000.pcd,01936.bin
1567182862.211997000.pcd,01937.bin
1567182862.312826000.pcd,01938.bin
1567182862.413661000.pcd,01939.bin
1567182862.514498000.pcd,01940.bin
1567182862.615317000.pcd,01941.bin
1567182862.716150000.pcd,01942.bin
1567182862.816990000.pcd,01943.bin
1567182862.920215000.pcd,01944.bin
1567182863.018649000.pcd,01945.bin
1567182863.119537000.pcd,01946.bin
1567182863.220349000.pcd,01947.bin
1567182863.321632000.pcd,01948.bin
1567182863.421982000.pcd,01949.bin
1567182863.522873000.pcd,01950.bin
1567182863.623701000.pcd,01951.bin
1567182863.724567000.pcd,01952.bin
1567182863.825689000.pcd,01953.bin
1567182863.926140000.pcd,01954.bin
1567182864.026969000.pcd,01955.bin
1567182864.127806000.pcd,01956.bin
1567182864.228646000.pcd,01957.bin
1567182864.329466000.pcd,01958.bin
1567182864.430498000.pcd,01959.bin
1567182864.531684000.pcd,01960.bin
1567182864.631989000.pcd,01961.bin
1567182864.732850000.pcd,01962.bin
1567182864.833647000.pcd,01963.bin
1567182864.934525000.pcd,01964.bin
1567182865.035311000.pcd,01965.bin
1567182865.136172000.pcd,01966.bin
1567182865.237149000.pcd,01967.bin
1567182865.337790000.pcd,01968.bin
1567182865.438623000.pcd,01969.bin
1567182865.539497000.pcd,01970.bin
1567182865.641368000.pcd,01971.bin
1567182865.741112000.pcd,01972.bin
1567182865.842211000.pcd,01973.bin
1567182865.942823000.pcd,01974.bin
1567182866.043614000.pcd,01975.bin
1567182866.144449000.pcd,01976.bin
1567182866.245265000.pcd,01977.bin
1567182866.346108000.pcd,01978.bin
1567182866.447704000.pcd,01979.bin
1567182866.547847000.pcd,01980.bin
1567182866.648627000.pcd,01981.bin
1567182866.749476000.pcd,01982.bin
1567182866.850900000.pcd,01983.bin
1567182866.951176000.pcd,01984.bin
1567182867.052274000.pcd,01985.bin
1567182867.152833000.pcd,01986.bin
1567182867.253879000.pcd,01987.bin
1567182867.354568000.pcd,01988.bin
1567182867.455262000.pcd,01989.bin
1567182867.560472000.pcd,01990.bin
1567182867.656917000.pcd,01991.bin
1567182867.757764000.pcd,01992.bin
1567182867.858719000.pcd,01993.bin
1567182867.959416000.pcd,01994.bin
1567182868.060324000.pcd,01995.bin
1567182868.161081000.pcd,01996.bin
1567182868.261913000.pcd,01997.bin
1567182868.362743000.pcd,01998.bin
1567182868.463573000.pcd,01999.bin
1567182868.564410000.pcd,02000.bin
1567182868.665238000.pcd,02001.bin
1567182868.766971000.pcd,02002.bin
1567182868.866901000.pcd,02003.bin
1567182868.967738000.pcd,02004.bin
1567182869.068629000.pcd,02005.bin
1567182869.169758000.pcd,02006.bin
1567182869.270231000.pcd,02007.bin
1567182869.371408000.pcd,02008.bin
1567182869.471896000.pcd,02009.bin
1567182869.572723000.pcd,02010.bin
1567182869.673570000.pcd,02011.bin
1567182869.774442000.pcd,02012.bin
1567182869.875249000.pcd,02013.bin
1567182869.976053000.pcd,02014.bin
1567182870.076882000.pcd,02015.bin
1567182870.177720000.pcd,02016.bin
1567182870.278577000.pcd,02017.bin
1567182870.379381000.pcd,02018.bin
1567182870.480233000.pcd,02019.bin
1567182870.581041000.pcd,02020.bin
1567182870.681875000.pcd,02021.bin
1567182870.782745000.pcd,02022.bin
1567182870.883547000.pcd,02023.bin
1567182870.984378000.pcd,02024.bin
1567182871.085271000.pcd,02025.bin
1567182871.186043000.pcd,02026.bin
1567182871.286874000.pcd,02027.bin
1567182871.387701000.pcd,02028.bin
1567182871.488554000.pcd,02029.bin
1567182871.589405000.pcd,02030.bin
1567182871.690196000.pcd,02031.bin
1567182871.791025000.pcd,02032.bin
1567182871.891858000.pcd,02033.bin
1567182871.992684000.pcd,02034.bin
1567182872.093524000.pcd,02035.bin
1567182872.194351000.pcd,02036.bin
1567182872.295187000.pcd,02037.bin
1567182872.396032000.pcd,02038.bin
1567182872.496860000.pcd,02039.bin
1567182872.597746000.pcd,02040.bin
1567182872.698517000.pcd,02041.bin
1567182872.799483000.pcd,02042.bin
1567182872.900187000.pcd,02043.bin
1567182873.001014000.pcd,02044.bin
1567182873.101844000.pcd,02045.bin
1567182873.202717000.pcd,02046.bin
1567182873.308976000.pcd,02047.bin
1567182873.404339000.pcd,02048.bin
1567182873.505166000.pcd,02049.bin
1567182873.606003000.pcd,02050.bin
1567182873.706839000.pcd,02051.bin
1567182873.807660000.pcd,02052.bin
1567182873.908491000.pcd,02053.bin
1567182874.009443000.pcd,02054.bin
1567182874.110166000.pcd,02055.bin
1567182874.211002000.pcd,02056.bin
1567182874.311834000.pcd,02057.bin
1567182874.412662000.pcd,02058.bin
1567182874.513494000.pcd,02059.bin
1567182874.614330000.pcd,02060.bin
1567182874.720949000.pcd,02061.bin
1567182874.816002000.pcd,02062.bin
1567182874.916831000.pcd,02063.bin
1567182875.018551000.pcd,02064.bin
1567182875.118488000.pcd,02065.bin
1567182875.219309000.pcd,02066.bin
1567182875.320158000.pcd,02067.bin
1567182875.421051000.pcd,02068.bin
1567182875.521826000.pcd,02069.bin
1567182875.622637000.pcd,02070.bin
1567182875.723481000.pcd,02071.bin
1567182875.824300000.pcd,02072.bin
1567182875.925749000.pcd,02073.bin
1567182876.025973000.pcd,02074.bin
1567182876.126863000.pcd,02075.bin
1567182876.227674000.pcd,02076.bin
1567182876.328504000.pcd,02077.bin
1567182876.429301000.pcd,02078.bin
1567182876.530145000.pcd,02079.bin
1567182876.630992000.pcd,02080.bin
1567182876.731890000.pcd,02081.bin
1567182876.832626000.pcd,02082.bin
1567182876.933456000.pcd,02083.bin
1567182877.034368000.pcd,02084.bin
1567182877.135132000.pcd,02085.bin
1567182877.235957000.pcd,02086.bin
1567182877.336798000.pcd,02087.bin
1567182877.437618000.pcd,02088.bin
1567182877.538537000.pcd,02089.bin
1567182877.639758000.pcd,02090.bin
1567182877.740196000.pcd,02091.bin
1567182877.841117000.pcd,02092.bin
1567182877.941789000.pcd,02093.bin
1567182878.042636000.pcd,02094.bin
1567182878.144251000.pcd,02095.bin
1567182878.244274000.pcd,02096.bin
1567182878.345580000.pcd,02097.bin
1567182878.445939000.pcd,02098.bin
1567182878.546772000.pcd,02099.bin
1567182878.647592000.pcd,02100.bin
1567182878.748435000.pcd,02101.bin
1567182878.849259000.pcd,02102.bin
1567182878.950108000.pcd,02103.bin
1567182879.050989000.pcd,02104.bin
1567182879.151755000.pcd,02105.bin
1567182879.256424000.pcd,02106.bin
1567182879.353423000.pcd,02107.bin
1567182879.454323000.pcd,02108.bin
1567182879.555082000.pcd,02109.bin
1567182879.656141000.pcd,02110.bin
1567182879.756759000.pcd,02111.bin
1567182879.857579000.pcd,02112.bin
1567182879.958768000.pcd,02113.bin
1567182880.059285000.pcd,02114.bin
1567182880.160074000.pcd,02115.bin
1567182880.260904000.pcd,02116.bin
1567182880.361763000.pcd,02117.bin
1567182880.466417000.pcd,02118.bin
1567182880.563494000.pcd,02119.bin
1567182880.664237000.pcd,02120.bin
1567182880.765147000.pcd,02121.bin
1567182880.865907000.pcd,02122.bin
1567182880.966790000.pcd,02123.bin
1567182881.067619000.pcd,02124.bin
1567182881.168400000.pcd,02125.bin
1567182881.269285000.pcd,02126.bin
1567182881.370059000.pcd,02127.bin
1567182881.473193000.pcd,02128.bin
1567182881.571728000.pcd,02129.bin
1567182881.672564000.pcd,02130.bin
1567182881.773683000.pcd,02131.bin
1567182881.874225000.pcd,02132.bin
1567182881.977027000.pcd,02133.bin
1567182882.076423000.pcd,02134.bin
1567182882.176723000.pcd,02135.bin
1567182882.277558000.pcd,02136.bin
1567182882.379610000.pcd,02137.bin
1567182882.479208000.pcd,02138.bin
1567182882.580385000.pcd,02139.bin
1567182882.680994000.pcd,02140.bin
1567182882.781706000.pcd,02141.bin
1567182882.882544000.pcd,02142.bin
1567182882.983452000.pcd,02143.bin
1567182883.084580000.pcd,02144.bin
1567182883.189432000.pcd,02145.bin
1567182883.286526000.pcd,02146.bin
1567182883.389193000.pcd,02147.bin
1567182883.487532000.pcd,02148.bin
1567182883.588367000.pcd,02149.bin
1567182883.689675000.pcd,02150.bin
1567182883.790150000.pcd,02151.bin
1567182883.893851000.pcd,02152.bin
1567182883.991801000.pcd,02153.bin
1567182884.092519000.pcd,02154.bin
1567182884.193354000.pcd,02155.bin
1567182884.294301000.pcd,02156.bin
1567182884.395076000.pcd,02157.bin
1567182884.496057000.pcd,02158.bin
1567182884.596676000.pcd,02159.bin
1567182884.697520000.pcd,02160.bin
1567182884.798936000.pcd,02161.bin
1567182884.899214000.pcd,02162.bin
1567182885.000010000.pcd,02163.bin
1567182885.100845000.pcd,02164.bin
1567182885.201687000.pcd,02165.bin
1567182885.302506000.pcd,02166.bin
1567182885.403332000.pcd,02167.bin
1567182885.504189000.pcd,02168.bin
1567182885.605002000.pcd,02169.bin
1567182885.705828000.pcd,02170.bin
1567182885.806663000.pcd,02171.bin
1567182885.907494000.pcd,02172.bin
1567182886.008540000.pcd,02173.bin
1567182886.109700000.pcd,02174.bin
1567182886.209994000.pcd,02175.bin
1567182886.310821000.pcd,02176.bin
1567182886.411646000.pcd,02177.bin
1567182886.512479000.pcd,02178.bin
1567182886.613322000.pcd,02179.bin
1567182886.714150000.pcd,02180.bin
1567182886.817467000.pcd,02181.bin
1567182886.915851000.pcd,02182.bin
1567182887.016645000.pcd,02183.bin
1567182887.117541000.pcd,02184.bin
1567182887.218307000.pcd,02185.bin
1567182887.319147000.pcd,02186.bin
1567182887.419978000.pcd,02187.bin
1567182887.520812000.pcd,02188.bin
1567182887.621694000.pcd,02189.bin
1567182887.723005000.pcd,02190.bin
1567182887.827260000.pcd,02191.bin
1567182887.924137000.pcd,02192.bin
1567182888.025025000.pcd,02193.bin
1567182888.125827000.pcd,02194.bin
1567182888.226668000.pcd,02195.bin
1567182888.327573000.pcd,02196.bin
1567182888.428295000.pcd,02197.bin
1567182888.529166000.pcd,02198.bin
1567182888.629959000.pcd,02199.bin
1567182888.731160000.pcd,02200.bin
1567182888.831743000.pcd,02201.bin
1567182888.932744000.pcd,02202.bin
1567182889.034229000.pcd,02203.bin
1567182889.134564000.pcd,02204.bin
1567182889.234993000.pcd,02205.bin
1567182889.335778000.pcd,02206.bin
1567182889.436610000.pcd,02207.bin
1567182889.537573000.pcd,02208.bin
1567182889.638298000.pcd,02209.bin
1567182889.739121000.pcd,02210.bin
1567182889.839944000.pcd,02211.bin
1567182889.940794000.pcd,02212.bin
1567182890.041596000.pcd,02213.bin
1567182890.145459000.pcd,02214.bin
1567182890.243265000.pcd,02215.bin
1567182890.344098000.pcd,02216.bin
1567182890.444928000.pcd,02217.bin
1567182890.545769000.pcd,02218.bin
1567182890.646626000.pcd,02219.bin
1567182890.747435000.pcd,02220.bin
1567182890.848258000.pcd,02221.bin
1567182890.949101000.pcd,02222.bin
1567182891.049920000.pcd,02223.bin
1567182891.151811000.pcd,02224.bin
1567182891.251698000.pcd,02225.bin
1567182891.352406000.pcd,02226.bin
1567182891.453251000.pcd,02227.bin
1567182891.554101000.pcd,02228.bin
1567182891.654913000.pcd,02229.bin
1567182891.755745000.pcd,02230.bin
1567182891.859506000.pcd,02231.bin
1567182891.957410000.pcd,02232.bin
1567182892.058247000.pcd,02233.bin
1567182892.159067000.pcd,02234.bin
1567182892.260436000.pcd,02235.bin
1567182892.360780000.pcd,02236.bin
1567182892.461571000.pcd,02237.bin
1567182892.562397000.pcd,02238.bin
1567182892.663250000.pcd,02239.bin
1567182892.764605000.pcd,02240.bin
1567182892.864992000.pcd,02241.bin
1567182892.965774000.pcd,02242.bin
1567182893.066556000.pcd,02243.bin
1567182893.169579000.pcd,02244.bin
1567182893.268269000.pcd,02245.bin
1567182893.377492000.pcd,02246.bin
1567182893.469896000.pcd,02247.bin
1567182893.570981000.pcd,02248.bin
1567182893.671558000.pcd,02249.bin
1567182893.772386000.pcd,02250.bin
1567182893.873231000.pcd,02251.bin
1567182893.974055000.pcd,02252.bin
1567182894.074879000.pcd,02253.bin
1567182894.175716000.pcd,02254.bin
1567182894.276615000.pcd,02255.bin
1567182894.377380000.pcd,02256.bin
1567182894.478208000.pcd,02257.bin
1567182894.579043000.pcd,02258.bin
1567182894.679959000.pcd,02259.bin
1567182894.780715000.pcd,02260.bin
1567182894.881534000.pcd,02261.bin
1567182894.982378000.pcd,02262.bin
1567182895.083284000.pcd,02263.bin
1567182895.184038000.pcd,02264.bin
1567182895.284868000.pcd,02265.bin
1567182895.385698000.pcd,02266.bin
1567182895.486657000.pcd,02267.bin
1567182895.587358000.pcd,02268.bin
1567182895.688213000.pcd,02269.bin
1567182895.789025000.pcd,02270.bin
1567182895.889885000.pcd,02271.bin
1567182895.990687000.pcd,02272.bin
1567182896.091528000.pcd,02273.bin
1567182896.192344000.pcd,02274.bin
1567182896.293210000.pcd,02275.bin
1567182896.394007000.pcd,02276.bin
1567182896.494933000.pcd,02277.bin
1567182896.595682000.pcd,02278.bin
1567182896.696519000.pcd,02279.bin
1567182896.797338000.pcd,02280.bin
1567182896.898173000.pcd,02281.bin
1567182896.999007000.pcd,02282.bin
1567182897.099854000.pcd,02283.bin
1567182897.200980000.pcd,02284.bin
1567182897.301822000.pcd,02285.bin
1567182897.402340000.pcd,02286.bin
1567182897.503163000.pcd,02287.bin
1567182897.605580000.pcd,02288.bin
1567182897.704831000.pcd,02289.bin
1567182897.805661000.pcd,02290.bin
1567182897.906504000.pcd,02291.bin
1567182898.007321000.pcd,02292.bin
1567182898.109477000.pcd,02293.bin
1567182898.208993000.pcd,02294.bin
1567182898.309894000.pcd,02295.bin
1567182898.410656000.pcd,02296.bin
1567182898.511491000.pcd,02297.bin
1567182898.612632000.pcd,02298.bin
1567182898.713162000.pcd,02299.bin
1567182898.814366000.pcd,02300.bin
1567182898.914820000.pcd,02301.bin
1567182899.015643000.pcd,02302.bin
1567182899.117620000.pcd,02303.bin
1567182899.217353000.pcd,02304.bin
1567182899.318269000.pcd,02305.bin
1567182899.419086000.pcd,02306.bin
1567182899.519815000.pcd,02307.bin
1567182899.620643000.pcd,02308.bin
1567182899.721469000.pcd,02309.bin
1567182899.822425000.pcd,02310.bin
1567182899.923141000.pcd,02311.bin
1567182900.024683000.pcd,02312.bin
1567182900.125217000.pcd,02313.bin
1567182900.225628000.pcd,02314.bin
1567182900.328079000.pcd,02315.bin
1567182900.427349000.pcd,02316.bin
1567182900.528123000.pcd,02317.bin
1567182900.629031000.pcd,02318.bin
1567182900.729803000.pcd,02319.bin
1567182900.830698000.pcd,02320.bin
1567182900.931785000.pcd,02321.bin
1567182901.035062000.pcd,02322.bin
1567182901.133109000.pcd,02323.bin
1567182901.233956000.pcd,02324.bin
1567182901.334784000.pcd,02325.bin
1567182901.435634000.pcd,02326.bin
1567182901.536448000.pcd,02327.bin
1567182901.637272000.pcd,02328.bin
1567182901.738112000.pcd,02329.bin
1567182901.838937000.pcd,02330.bin
1567182901.939767000.pcd,02331.bin
1567182902.040604000.pcd,02332.bin
1567182902.141469000.pcd,02333.bin
1567182902.242260000.pcd,02334.bin
1567182902.343176000.pcd,02335.bin
1567182902.443932000.pcd,02336.bin
1567182902.544764000.pcd,02337.bin
1567182902.645585000.pcd,02338.bin
1567182902.746427000.pcd,02339.bin
1567182902.847256000.pcd,02340.bin
1567182902.948086000.pcd,02341.bin
1567182903.048923000.pcd,02342.bin
1567182903.149747000.pcd,02343.bin
1567182903.250618000.pcd,02344.bin
1567182903.355727000.pcd,02345.bin
1567182903.452301000.pcd,02346.bin
1567182903.554097000.pcd,02347.bin
1567182903.653905000.pcd,02348.bin
1567182903.754742000.pcd,02349.bin
1567182903.855567000.pcd,02350.bin
1567182903.956506000.pcd,02351.bin
1567182904.057233000.pcd,02352.bin
1567182904.158079000.pcd,02353.bin
1567182904.258901000.pcd,02354.bin
1567182904.359727000.pcd,02355.bin
1567182904.460568000.pcd,02356.bin
1567182904.561432000.pcd,02357.bin
1567182904.662276000.pcd,02358.bin
1567182904.763058000.pcd,02359.bin
1567182904.863897000.pcd,02360.bin
1567182904.964756000.pcd,02361.bin
1567182905.065553000.pcd,02362.bin
1567182905.166701000.pcd,02363.bin
1567182905.267213000.pcd,02364.bin
1567182905.368061000.pcd,02365.bin
1567182905.468884000.pcd,02366.bin
1567182905.569717000.pcd,02367.bin
1567182905.670635000.pcd,02368.bin
1567182905.771378000.pcd,02369.bin
1567182905.872207000.pcd,02370.bin
1567182905.973045000.pcd,02371.bin
1567182906.073869000.pcd,02372.bin
1567182906.174748000.pcd,02373.bin
1567182906.275617000.pcd,02374.bin
1567182906.376373000.pcd,02375.bin
1567182906.477349000.pcd,02376.bin
1567182906.578140000.pcd,02377.bin
1567182906.678864000.pcd,02378.bin
1567182906.779702000.pcd,02379.bin
1567182906.880539000.pcd,02380.bin
1567182906.981359000.pcd,02381.bin
1567182907.082980000.pcd,02382.bin
1567182907.183020000.pcd,02383.bin
1567182907.283861000.pcd,02384.bin
1567182907.385090000.pcd,02385.bin
1567182907.485517000.pcd,02386.bin
1567182907.586367000.pcd,02387.bin
1567182907.687183000.pcd,02388.bin
1567182907.788013000.pcd,02389.bin
1567182907.888883000.pcd,02390.bin
1567182907.989745000.pcd,02391.bin
1567182908.090555000.pcd,02392.bin
1567182908.191344000.pcd,02393.bin
1567182908.292183000.pcd,02394.bin
1567182908.393072000.pcd,02395.bin
1567182908.494001000.pcd,02396.bin
1567182908.594675000.pcd,02397.bin
1567182908.695513000.pcd,02398.bin
1567182908.797430000.pcd,02399.bin
1567182908.897260000.pcd,02400.bin
1567182908.998001000.pcd,02401.bin
1567182909.098836000.pcd,02402.bin
1567182909.203316000.pcd,02403.bin
1567182909.300592000.pcd,02404.bin
1567182909.401331000.pcd,02405.bin
1567182909.502161000.pcd,02406.bin
1567182909.603505000.pcd,02407.bin
1567182909.703924000.pcd,02408.bin
1567182909.804666000.pcd,02409.bin
1567182909.905482000.pcd,02410.bin
1567182910.006325000.pcd,02411.bin
1567182910.107152000.pcd,02412.bin
1567182910.207987000.pcd,02413.bin
1567182910.312230000.pcd,02414.bin
1567182910.409665000.pcd,02415.bin
1567182910.510508000.pcd,02416.bin
1567182910.611345000.pcd,02417.bin
1567182910.712169000.pcd,02418.bin
1567182910.812973000.pcd,02419.bin
1567182910.913840000.pcd,02420.bin
1567182911.014916000.pcd,02421.bin
1567182911.115484000.pcd,02422.bin
1567182911.216322000.pcd,02423.bin
1567182911.317130000.pcd,02424.bin
1567182911.418020000.pcd,02425.bin
1567182911.518802000.pcd,02426.bin
1567182911.619628000.pcd,02427.bin
1567182911.720465000.pcd,02428.bin
1567182911.821292000.pcd,02429.bin
